-- ELMS Database Export
-- Generated: 2026-05-15T04:48:28.080Z

SET statement_timeout = 0;
SET lock_timeout = 0;
SET client_encoding = 'UTF8';

-- Data for table: institutions
INSERT INTO institutions (id, name, created_at, updated_at) VALUES ('506b667f-93b7-4cac-893c-cb4821fad0bb', 'Bahir Dar Institute of Technology', '2026-04-09T04:33:09.571Z', '2026-04-09T04:33:09.571Z');
INSERT INTO institutions (id, name, created_at, updated_at) VALUES ('42ee65c4-2833-416d-9197-1bb684550b73', 'Ethiopian Institute of Textile and Fashion Technology (EiTFT)', '2026-04-09T04:33:09.620Z', '2026-04-09T04:33:09.620Z');

-- Data for table: faculties
INSERT INTO faculties (id, name, created_at, institution_id) VALUES ('ee36c024-6c43-4fb4-9e96-7ad2349a2ccf', 'Faculty of Chemical & Food Engineering', '2026-04-09T04:33:09.574Z', '506b667f-93b7-4cac-893c-cb4821fad0bb');
INSERT INTO faculties (id, name, created_at, institution_id) VALUES ('44abf348-b6d3-4ec4-96e1-3074857f3fca', 'Faculty of Civil and Water Resource Engineering', '2026-04-09T04:33:09.591Z', '506b667f-93b7-4cac-893c-cb4821fad0bb');
INSERT INTO faculties (id, name, created_at, institution_id) VALUES ('a2b6a1ad-09fa-4aed-8043-bb6a50e233ce', 'Faculty of Computing', '2026-04-09T04:33:09.598Z', '506b667f-93b7-4cac-893c-cb4821fad0bb');
INSERT INTO faculties (id, name, created_at, institution_id) VALUES ('8f759d0d-fa33-48c6-a664-bc05ef0a3259', 'Faculty of Electrical and Computer Engineering', '2026-04-09T04:33:09.605Z', '506b667f-93b7-4cac-893c-cb4821fad0bb');
INSERT INTO faculties (id, name, created_at, institution_id) VALUES ('59daf1d4-cb88-4c28-bf15-66fe77a0696d', 'Faculty of Mechanical and Industrial Engineering', '2026-04-09T04:33:09.614Z', '506b667f-93b7-4cac-893c-cb4821fad0bb');
INSERT INTO faculties (id, name, created_at, institution_id) VALUES ('c4f6df47-d4d4-4986-9948-dd1b2702ebd9', 'Faculty of Textile', '2026-04-09T04:33:09.621Z', '42ee65c4-2833-416d-9197-1bb684550b73');
INSERT INTO faculties (id, name, created_at, institution_id) VALUES ('b6542163-5d35-41dc-bcd1-02ff7a40b00e', 'Faculty of Apparel', '2026-04-09T04:33:09.622Z', '42ee65c4-2833-416d-9197-1bb684550b73');
INSERT INTO faculties (id, name, created_at, institution_id) VALUES ('7df8632d-8198-4b8a-8c24-8c16f9808367', 'Leather Product Engineering', '2026-04-09T04:33:09.624Z', '42ee65c4-2833-416d-9197-1bb684550b73');
INSERT INTO faculties (id, name, created_at, institution_id) VALUES ('a03babc0-905e-4ff2-a700-699f9b949f3b', 'School of Pre-Engineering & Sciences', '2026-04-09T04:33:09.626Z', '42ee65c4-2833-416d-9197-1bb684550b73');

-- Data for table: departments
INSERT INTO departments (id, name, created_at, faculty_id, head_of_department_id, description) VALUES ('a1bb2388-98cc-4891-ab2c-5f3560bc4840', 'Information System', '2026-04-09T04:33:09.602Z', 'a2b6a1ad-09fa-4aed-8043-bb6a50e233ce', 'ac7400fc-0e97-4848-b386-dc69deab2271', NULL);
INSERT INTO departments (id, name, created_at, faculty_id, head_of_department_id, description) VALUES ('e70c7b95-4bae-4341-9d28-df0fa6451556', 'Chemical Engineering', '2026-04-09T04:33:09.584Z', 'ee36c024-6c43-4fb4-9e96-7ad2349a2ccf', NULL, NULL);
INSERT INTO departments (id, name, created_at, faculty_id, head_of_department_id, description) VALUES ('93965a8b-863d-474f-8b51-cb69d4308037', 'Food Engineering', '2026-04-09T04:33:09.587Z', 'ee36c024-6c43-4fb4-9e96-7ad2349a2ccf', NULL, NULL);
INSERT INTO departments (id, name, created_at, faculty_id, head_of_department_id, description) VALUES ('389b6fd4-73db-488d-99ea-d95e5b60f7df', 'Applied Human Nutrition', '2026-04-09T04:33:09.589Z', 'ee36c024-6c43-4fb4-9e96-7ad2349a2ccf', NULL, NULL);
INSERT INTO departments (id, name, created_at, faculty_id, head_of_department_id, description) VALUES ('7eba8625-b80c-4300-803b-788c42beb3c0', 'Civil Engineering', '2026-04-09T04:33:09.593Z', '44abf348-b6d3-4ec4-96e1-3074857f3fca', NULL, NULL);
INSERT INTO departments (id, name, created_at, faculty_id, head_of_department_id, description) VALUES ('01a6e7ee-d5d2-41e7-89a8-b450b2d083a1', 'Water Resource and Irrigation Engineering', '2026-04-09T04:33:09.594Z', '44abf348-b6d3-4ec4-96e1-3074857f3fca', NULL, NULL);
INSERT INTO departments (id, name, created_at, faculty_id, head_of_department_id, description) VALUES ('fce2148c-77f3-417a-90b0-7c04eb74ac79', 'Hydraulic and Water Resource Engineering', '2026-04-09T04:33:09.596Z', '44abf348-b6d3-4ec4-96e1-3074857f3fca', NULL, NULL);
INSERT INTO departments (id, name, created_at, faculty_id, head_of_department_id, description) VALUES ('1365b1cf-a55c-41c2-bd35-50fa33a1063a', 'Computer Science', '2026-04-09T04:33:09.599Z', 'a2b6a1ad-09fa-4aed-8043-bb6a50e233ce', NULL, NULL);
INSERT INTO departments (id, name, created_at, faculty_id, head_of_department_id, description) VALUES ('edd47e11-e558-46d1-aa41-8045e4c145ec', 'Cyber Security', '2026-04-09T04:33:09.600Z', 'a2b6a1ad-09fa-4aed-8043-bb6a50e233ce', NULL, NULL);
INSERT INTO departments (id, name, created_at, faculty_id, head_of_department_id, description) VALUES ('8b909f7c-7606-41f2-8a20-3e380b022014', 'Information Technology', '2026-04-09T04:33:09.603Z', 'a2b6a1ad-09fa-4aed-8043-bb6a50e233ce', NULL, NULL);
INSERT INTO departments (id, name, created_at, faculty_id, head_of_department_id, description) VALUES ('71a9fe3d-6b99-45e7-9032-a65a3931aeb2', 'Software Engineering', '2026-04-09T04:33:09.604Z', 'a2b6a1ad-09fa-4aed-8043-bb6a50e233ce', NULL, NULL);
INSERT INTO departments (id, name, created_at, faculty_id, head_of_department_id, description) VALUES ('0e2403d1-d46a-402b-a1e0-994151fc4d21', 'Hardware and Networking', '2026-04-09T04:33:09.607Z', '8f759d0d-fa33-48c6-a664-bc05ef0a3259', NULL, NULL);
INSERT INTO departments (id, name, created_at, faculty_id, head_of_department_id, description) VALUES ('df518f1b-2aab-423b-bd40-018fb029942e', 'Power and Energy Systems', '2026-04-09T04:33:09.608Z', '8f759d0d-fa33-48c6-a664-bc05ef0a3259', NULL, NULL);
INSERT INTO departments (id, name, created_at, faculty_id, head_of_department_id, description) VALUES ('286a0e88-5bc5-4261-b9f0-f8b13ab51129', 'Communication Systems', '2026-04-09T04:33:09.609Z', '8f759d0d-fa33-48c6-a664-bc05ef0a3259', NULL, NULL);
INSERT INTO departments (id, name, created_at, faculty_id, head_of_department_id, description) VALUES ('1fb46b56-4a55-4846-9452-391da5ece881', 'Software and Data Science', '2026-04-09T04:33:09.610Z', '8f759d0d-fa33-48c6-a664-bc05ef0a3259', NULL, NULL);
INSERT INTO departments (id, name, created_at, faculty_id, head_of_department_id, description) VALUES ('51b764d6-a1a4-42fb-b24f-afd5b180cf49', 'Control and Instrumentation', '2026-04-09T04:33:09.612Z', '8f759d0d-fa33-48c6-a664-bc05ef0a3259', NULL, NULL);
INSERT INTO departments (id, name, created_at, faculty_id, head_of_department_id, description) VALUES ('e0488570-39e0-4042-9ca9-04b8cfe0b010', 'Microelectronics', '2026-04-09T04:33:09.613Z', '8f759d0d-fa33-48c6-a664-bc05ef0a3259', NULL, NULL);
INSERT INTO departments (id, name, created_at, faculty_id, head_of_department_id, description) VALUES ('0ecad3b0-4539-408e-bbdc-d48175eb0fa6', 'Mechanical Engineering', '2026-04-09T04:33:09.615Z', '59daf1d4-cb88-4c28-bf15-66fe77a0696d', NULL, NULL);
INSERT INTO departments (id, name, created_at, faculty_id, head_of_department_id, description) VALUES ('fc048005-597a-44de-a060-3d2749f5a847', 'Industrial Engineering', '2026-04-09T04:33:09.617Z', '59daf1d4-cb88-4c28-bf15-66fe77a0696d', NULL, NULL);
INSERT INTO departments (id, name, created_at, faculty_id, head_of_department_id, description) VALUES ('7dfbf57d-e48b-4941-9e53-97851edad6b7', 'Automotive Engineering', '2026-04-09T04:33:09.618Z', '59daf1d4-cb88-4c28-bf15-66fe77a0696d', NULL, NULL);
INSERT INTO departments (id, name, created_at, faculty_id, head_of_department_id, description) VALUES ('d298ec88-ab19-4f63-b984-c522f37dbed2', 'Electro-Mechanical Engineering', '2026-04-09T04:33:09.619Z', '59daf1d4-cb88-4c28-bf15-66fe77a0696d', NULL, NULL);

-- Data for table: users
INSERT INTO users (id, institutional_id, title, first_name, middle_name, last_name, email, password_hash, role, department_id, is_active, created_at, updated_at, section, sex, year, semester, notify_chat, notify_announcement, notify_material_task, notify_system) VALUES ('9c770d5e-8825-41ac-817a-998e8f193e9a', 'BDU-UG-10033', NULL, 'Kalkidan', 'Bereket', 'Haile', 'ug33@bdu.edu.et', '$2b$10$DZqxwSrbiYWjRfCugNNkouJ6wwyrJ7JX3jHs0lUCTzeoeNwRSKV42', 'student', 'a1bb2388-98cc-4891-ab2c-5f3560bc4840', true, '2026-04-09T04:56:04.396Z', '2026-04-09T04:56:04.396Z', 'A', 'Female', NULL, NULL, true, true, true, true);
INSERT INTO users (id, institutional_id, title, first_name, middle_name, last_name, email, password_hash, role, department_id, is_active, created_at, updated_at, section, sex, year, semester, notify_chat, notify_announcement, notify_material_task, notify_system) VALUES ('6bb11349-8e38-4a9a-9e60-b2e6be70ec10', 'BDU-UG-10002', NULL, 'Surafel', 'Bereket', 'Tadesse', 'ug2@bdu.edu.et', '$2b$10$DZqxwSrbiYWjRfCugNNkouJ6wwyrJ7JX3jHs0lUCTzeoeNwRSKV42', 'student', '1365b1cf-a55c-41c2-bd35-50fa33a1063a', true, '2026-04-09T04:56:04.396Z', '2026-04-09T04:56:04.396Z', 'A', 'Male', 3, 1, true, true, true, true);
INSERT INTO users (id, institutional_id, title, first_name, middle_name, last_name, email, password_hash, role, department_id, is_active, created_at, updated_at, section, sex, year, semester, notify_chat, notify_announcement, notify_material_task, notify_system) VALUES ('015ad799-8836-423a-81d7-bcc85a98671e', 'BDU-UG-10003', NULL, 'Betelhem', 'Ephrem', 'Haile', 'ug3@bdu.edu.et', '$2b$10$DZqxwSrbiYWjRfCugNNkouJ6wwyrJ7JX3jHs0lUCTzeoeNwRSKV42', 'student', '1365b1cf-a55c-41c2-bd35-50fa33a1063a', true, '2026-04-09T04:56:04.396Z', '2026-04-09T04:56:04.396Z', 'A', 'Female', 3, 1, true, true, true, true);
INSERT INTO users (id, institutional_id, title, first_name, middle_name, last_name, email, password_hash, role, department_id, is_active, created_at, updated_at, section, sex, year, semester, notify_chat, notify_announcement, notify_material_task, notify_system) VALUES ('db370554-78c7-4321-97db-26ad74ad1f80', 'BDU-UG-10004', NULL, 'Hanna', 'Biniyam', 'Tefera', 'ug4@bdu.edu.et', '$2b$10$DZqxwSrbiYWjRfCugNNkouJ6wwyrJ7JX3jHs0lUCTzeoeNwRSKV42', 'student', '1365b1cf-a55c-41c2-bd35-50fa33a1063a', true, '2026-04-09T04:56:04.396Z', '2026-04-09T04:56:04.396Z', 'A', 'Female', 3, 1, true, true, true, true);
INSERT INTO users (id, institutional_id, title, first_name, middle_name, last_name, email, password_hash, role, department_id, is_active, created_at, updated_at, section, sex, year, semester, notify_chat, notify_announcement, notify_material_task, notify_system) VALUES ('df899d9c-5490-4215-a1da-96cc96f1db01', 'BDU-UG-10034', NULL, 'Hanna', 'Abraham', 'Woldemichael', 'ug34@bdu.edu.et', '$2b$10$DZqxwSrbiYWjRfCugNNkouJ6wwyrJ7JX3jHs0lUCTzeoeNwRSKV42', 'student', 'a1bb2388-98cc-4891-ab2c-5f3560bc4840', true, '2026-04-09T04:56:04.396Z', '2026-04-09T04:56:04.396Z', 'A', 'Female', NULL, NULL, true, true, true, true);
INSERT INTO users (id, institutional_id, title, first_name, middle_name, last_name, email, password_hash, role, department_id, is_active, created_at, updated_at, section, sex, year, semester, notify_chat, notify_announcement, notify_material_task, notify_system) VALUES ('631e5237-54c8-4b0e-960d-ce1fdc6d872f', 'BDU-UG-10035', NULL, 'Yonas', 'Abraham', 'Mulugeta', 'ug35@bdu.edu.et', '$2b$10$DZqxwSrbiYWjRfCugNNkouJ6wwyrJ7JX3jHs0lUCTzeoeNwRSKV42', 'student', 'a1bb2388-98cc-4891-ab2c-5f3560bc4840', true, '2026-04-09T04:56:04.396Z', '2026-04-09T04:56:04.396Z', 'A', 'Male', NULL, NULL, true, true, true, true);
INSERT INTO users (id, institutional_id, title, first_name, middle_name, last_name, email, password_hash, role, department_id, is_active, created_at, updated_at, section, sex, year, semester, notify_chat, notify_announcement, notify_material_task, notify_system) VALUES ('3aa36d46-544a-4dba-b6e5-19398576069d', 'BDU-UG-10036', NULL, 'Selam', 'Samuel', 'Haile', 'ug36@bdu.edu.et', '$2b$10$DZqxwSrbiYWjRfCugNNkouJ6wwyrJ7JX3jHs0lUCTzeoeNwRSKV42', 'student', 'a1bb2388-98cc-4891-ab2c-5f3560bc4840', true, '2026-04-09T04:56:04.396Z', '2026-04-09T04:56:04.396Z', 'A', 'Female', NULL, NULL, true, true, true, true);
INSERT INTO users (id, institutional_id, title, first_name, middle_name, last_name, email, password_hash, role, department_id, is_active, created_at, updated_at, section, sex, year, semester, notify_chat, notify_announcement, notify_material_task, notify_system) VALUES ('a0d6d9a0-43b2-4d2b-90e5-055e207a177d', 'BDU-UG-10005', NULL, 'Kalkidan', 'Solomon', 'Tefera', 'ug5@bdu.edu.et', '$2b$10$DZqxwSrbiYWjRfCugNNkouJ6wwyrJ7JX3jHs0lUCTzeoeNwRSKV42', 'student', '1365b1cf-a55c-41c2-bd35-50fa33a1063a', true, '2026-04-09T04:56:04.396Z', '2026-04-09T04:56:04.396Z', 'A', 'Female', 3, 1, true, true, true, true);
INSERT INTO users (id, institutional_id, title, first_name, middle_name, last_name, email, password_hash, role, department_id, is_active, created_at, updated_at, section, sex, year, semester, notify_chat, notify_announcement, notify_material_task, notify_system) VALUES ('0603747f-ec9f-4597-ad79-dd84f5e2e7e8', 'BDU-UG-10006', NULL, 'Natnael', 'Gedion', 'Haile', 'ug6@bdu.edu.et', '$2b$10$DZqxwSrbiYWjRfCugNNkouJ6wwyrJ7JX3jHs0lUCTzeoeNwRSKV42', 'student', '1365b1cf-a55c-41c2-bd35-50fa33a1063a', true, '2026-04-09T04:56:04.396Z', '2026-04-09T04:56:04.396Z', 'A', 'Male', 3, 1, true, true, true, true);
INSERT INTO users (id, institutional_id, title, first_name, middle_name, last_name, email, password_hash, role, department_id, is_active, created_at, updated_at, section, sex, year, semester, notify_chat, notify_announcement, notify_material_task, notify_system) VALUES ('b902c402-0c59-4d7a-bbbd-9bdf73fe4ed6', 'BDU-UG-10007', NULL, 'Selam', 'Gedion', 'Demeke', 'ug7@bdu.edu.et', '$2b$10$DZqxwSrbiYWjRfCugNNkouJ6wwyrJ7JX3jHs0lUCTzeoeNwRSKV42', 'student', '1365b1cf-a55c-41c2-bd35-50fa33a1063a', true, '2026-04-09T04:56:04.396Z', '2026-04-09T04:56:04.396Z', 'A', 'Female', 3, 1, true, true, true, true);
INSERT INTO users (id, institutional_id, title, first_name, middle_name, last_name, email, password_hash, role, department_id, is_active, created_at, updated_at, section, sex, year, semester, notify_chat, notify_announcement, notify_material_task, notify_system) VALUES ('7a6c09d5-cd99-4209-8d05-2368e0bdb573', 'BDU-UG-10008', NULL, 'Hiwot', 'Daniel', 'Mulugeta', 'ug8@bdu.edu.et', '$2b$10$DZqxwSrbiYWjRfCugNNkouJ6wwyrJ7JX3jHs0lUCTzeoeNwRSKV42', 'student', '1365b1cf-a55c-41c2-bd35-50fa33a1063a', true, '2026-04-09T04:56:04.396Z', '2026-04-09T04:56:04.396Z', 'A', 'Female', 3, 1, true, true, true, true);
INSERT INTO users (id, institutional_id, title, first_name, middle_name, last_name, email, password_hash, role, department_id, is_active, created_at, updated_at, section, sex, year, semester, notify_chat, notify_announcement, notify_material_task, notify_system) VALUES ('6d331eab-78ad-45ef-a2f8-6cf6e8689e4c', 'BDU-UG-10038', NULL, 'Kalkidan', 'Biniyam', 'Mulugeta', 'ug38@bdu.edu.et', '$2b$10$DZqxwSrbiYWjRfCugNNkouJ6wwyrJ7JX3jHs0lUCTzeoeNwRSKV42', 'student', 'a1bb2388-98cc-4891-ab2c-5f3560bc4840', true, '2026-04-09T04:56:04.396Z', '2026-04-09T04:56:04.396Z', 'A', 'Female', NULL, NULL, true, true, true, true);
INSERT INTO users (id, institutional_id, title, first_name, middle_name, last_name, email, password_hash, role, department_id, is_active, created_at, updated_at, section, sex, year, semester, notify_chat, notify_announcement, notify_material_task, notify_system) VALUES ('976473a1-ec7d-4cba-ba4c-bfbba16ec600', 'BDU-UG-10039', NULL, 'Surafel', 'Meron', 'Demeke', 'ug39@bdu.edu.et', '$2b$10$DZqxwSrbiYWjRfCugNNkouJ6wwyrJ7JX3jHs0lUCTzeoeNwRSKV42', 'student', 'a1bb2388-98cc-4891-ab2c-5f3560bc4840', true, '2026-04-09T04:56:04.396Z', '2026-04-09T04:56:04.396Z', 'A', 'Male', NULL, NULL, true, true, true, true);
INSERT INTO users (id, institutional_id, title, first_name, middle_name, last_name, email, password_hash, role, department_id, is_active, created_at, updated_at, section, sex, year, semester, notify_chat, notify_announcement, notify_material_task, notify_system) VALUES ('ac7400fc-0e97-4848-b386-dc69deab2271', 'BDU-INST-001', 'Dr.', 'Abebe', 'Biniyam', 'Bekel', 'abebe.bekele@bdu.edu.et', '$2b$10$DZqxwSrbiYWjRfCugNNkouJ6wwyrJ7JX3jHs0lUCTzeoeNwRSKV42', 'instructor', '1365b1cf-a55c-41c2-bd35-50fa33a1063a', true, '2026-04-09T04:55:49.263Z', '2026-04-09T04:55:49.263Z', NULL, 'Male', NULL, NULL, true, true, true, true);
INSERT INTO users (id, institutional_id, title, first_name, middle_name, last_name, email, password_hash, role, department_id, is_active, created_at, updated_at, section, sex, year, semester, notify_chat, notify_announcement, notify_material_task, notify_system) VALUES ('21ba86ec-298f-4cd0-8c03-2ed7d435b498', 'BDU-UG-10015', NULL, 'Mekdes', 'Meron', 'Mulugeta', 'ug15@bdu.edu.et', '$2b$10$DZqxwSrbiYWjRfCugNNkouJ6wwyrJ7JX3jHs0lUCTzeoeNwRSKV42', 'student', '1365b1cf-a55c-41c2-bd35-50fa33a1063a', true, '2026-04-09T04:56:04.396Z', '2026-04-09T04:56:04.396Z', 'B', 'Female', 3, 1, true, true, true, true);
INSERT INTO users (id, institutional_id, title, first_name, middle_name, last_name, email, password_hash, role, department_id, is_active, created_at, updated_at, section, sex, year, semester, notify_chat, notify_announcement, notify_material_task, notify_system) VALUES ('f395aa36-65f6-4f22-9c2c-0159dce79df2', 'BDU-UG-10016', NULL, 'Yohannes', 'Meron', 'Haile', 'ug16@bdu.edu.et', '$2b$10$DZqxwSrbiYWjRfCugNNkouJ6wwyrJ7JX3jHs0lUCTzeoeNwRSKV42', 'student', '1365b1cf-a55c-41c2-bd35-50fa33a1063a', true, '2026-04-09T04:56:04.396Z', '2026-04-09T04:56:04.396Z', 'B', 'Male', 3, 1, true, true, true, true);
INSERT INTO users (id, institutional_id, title, first_name, middle_name, last_name, email, password_hash, role, department_id, is_active, created_at, updated_at, section, sex, year, semester, notify_chat, notify_announcement, notify_material_task, notify_system) VALUES ('5ec96b7f-ee9c-412a-bdc4-305a024a4274', 'BDU-UG-10017', NULL, 'Abel', 'Gedion', 'Tadesse', 'ug17@bdu.edu.et', '$2b$10$DZqxwSrbiYWjRfCugNNkouJ6wwyrJ7JX3jHs0lUCTzeoeNwRSKV42', 'student', '1365b1cf-a55c-41c2-bd35-50fa33a1063a', true, '2026-04-09T04:56:04.396Z', '2026-04-09T04:56:04.396Z', 'B', 'Male', 3, 1, true, true, true, true);
INSERT INTO users (id, institutional_id, title, first_name, middle_name, last_name, email, password_hash, role, department_id, is_active, created_at, updated_at, section, sex, year, semester, notify_chat, notify_announcement, notify_material_task, notify_system) VALUES ('a73cbcbf-b78e-4b02-a810-4a8457e49649', 'BDU-UG-10018', NULL, 'Kalkidan', 'Bereket', 'Alemu', 'ug18@bdu.edu.et', '$2b$10$DZqxwSrbiYWjRfCugNNkouJ6wwyrJ7JX3jHs0lUCTzeoeNwRSKV42', 'student', '1365b1cf-a55c-41c2-bd35-50fa33a1063a', true, '2026-04-09T04:56:04.396Z', '2026-04-09T04:56:04.396Z', 'B', 'Female', 3, 1, true, true, true, true);
INSERT INTO users (id, institutional_id, title, first_name, middle_name, last_name, email, password_hash, role, department_id, is_active, created_at, updated_at, section, sex, year, semester, notify_chat, notify_announcement, notify_material_task, notify_system) VALUES ('53223528-dca3-48df-a55c-eea5cabfb1f1', 'BDU-UG-10019', NULL, 'Selam', 'Biniyam', 'Assefa', 'ug19@bdu.edu.et', '$2b$10$DZqxwSrbiYWjRfCugNNkouJ6wwyrJ7JX3jHs0lUCTzeoeNwRSKV42', 'student', '1365b1cf-a55c-41c2-bd35-50fa33a1063a', true, '2026-04-09T04:56:04.396Z', '2026-04-09T04:56:04.396Z', 'B', 'Female', 3, 1, true, true, true, true);
INSERT INTO users (id, institutional_id, title, first_name, middle_name, last_name, email, password_hash, role, department_id, is_active, created_at, updated_at, section, sex, year, semester, notify_chat, notify_announcement, notify_material_task, notify_system) VALUES ('46e9b692-3ba3-4e0a-a2de-8822cd75e6fe', 'BDU-UG-10009', NULL, 'Abel', 'Ermias', 'Tefera', 'ug9@bdu.edu.et', '$2b$10$DZqxwSrbiYWjRfCugNNkouJ6wwyrJ7JX3jHs0lUCTzeoeNwRSKV42', 'student', '1365b1cf-a55c-41c2-bd35-50fa33a1063a', true, '2026-04-09T04:56:04.396Z', '2026-04-09T04:56:04.396Z', 'A', 'Male', 3, 1, true, true, true, true);
INSERT INTO users (id, institutional_id, title, first_name, middle_name, last_name, email, password_hash, role, department_id, is_active, created_at, updated_at, section, sex, year, semester, notify_chat, notify_announcement, notify_material_task, notify_system) VALUES ('70703377-9aac-489d-8047-f425772d741f', 'BDU-UG-10010', NULL, 'Yeabsera', 'Abraham', 'Demeke', 'ug10@bdu.edu.et', '$2b$10$DZqxwSrbiYWjRfCugNNkouJ6wwyrJ7JX3jHs0lUCTzeoeNwRSKV42', 'student', '1365b1cf-a55c-41c2-bd35-50fa33a1063a', true, '2026-04-09T04:56:04.396Z', '2026-04-09T04:56:04.396Z', 'A', 'Female', 3, 1, true, true, true, true);
INSERT INTO users (id, institutional_id, title, first_name, middle_name, last_name, email, password_hash, role, department_id, is_active, created_at, updated_at, section, sex, year, semester, notify_chat, notify_announcement, notify_material_task, notify_system) VALUES ('127b2631-2ee4-4583-9d83-dc3ea80de3df', 'BDU-UG-10011', NULL, 'Selam', 'Solomon', 'Haile', 'ug11@bdu.edu.et', '$2b$10$DZqxwSrbiYWjRfCugNNkouJ6wwyrJ7JX3jHs0lUCTzeoeNwRSKV42', 'student', '1365b1cf-a55c-41c2-bd35-50fa33a1063a', true, '2026-04-09T04:56:04.396Z', '2026-04-09T04:56:04.396Z', 'A', 'Female', 3, 1, true, true, true, true);
INSERT INTO users (id, institutional_id, title, first_name, middle_name, last_name, email, password_hash, role, department_id, is_active, created_at, updated_at, section, sex, year, semester, notify_chat, notify_announcement, notify_material_task, notify_system) VALUES ('27babcde-1751-4b51-a4bf-92e1db63313d', 'BDU-UG-10012', NULL, 'Kalkidan', 'Daniel', 'Haile', 'ug12@bdu.edu.et', '$2b$10$DZqxwSrbiYWjRfCugNNkouJ6wwyrJ7JX3jHs0lUCTzeoeNwRSKV42', 'student', '1365b1cf-a55c-41c2-bd35-50fa33a1063a', true, '2026-04-09T04:56:04.396Z', '2026-04-09T04:56:04.396Z', 'A', 'Female', 3, 1, true, true, true, true);
INSERT INTO users (id, institutional_id, title, first_name, middle_name, last_name, email, password_hash, role, department_id, is_active, created_at, updated_at, section, sex, year, semester, notify_chat, notify_announcement, notify_material_task, notify_system) VALUES ('cc250604-9044-4904-b7db-e5b717ce4eb5', 'BDU-UG-10020', NULL, 'Mahlet', 'Daniel', 'Haile', 'ug20@bdu.edu.et', '$2b$10$DZqxwSrbiYWjRfCugNNkouJ6wwyrJ7JX3jHs0lUCTzeoeNwRSKV42', 'student', '1365b1cf-a55c-41c2-bd35-50fa33a1063a', true, '2026-04-09T04:56:04.396Z', '2026-04-09T04:56:04.396Z', 'B', 'Female', 3, 1, true, true, true, true);
INSERT INTO users (id, institutional_id, title, first_name, middle_name, last_name, email, password_hash, role, department_id, is_active, created_at, updated_at, section, sex, year, semester, notify_chat, notify_announcement, notify_material_task, notify_system) VALUES ('58e33180-f345-4805-a171-8893f77e36b7', 'BDU-UG-10021', NULL, 'Fikre', 'Bereket', 'Alemu', 'ug21@bdu.edu.et', '$2b$10$DZqxwSrbiYWjRfCugNNkouJ6wwyrJ7JX3jHs0lUCTzeoeNwRSKV42', 'student', '1365b1cf-a55c-41c2-bd35-50fa33a1063a', true, '2026-04-09T04:56:04.396Z', '2026-04-09T04:56:04.396Z', 'B', 'Male', 3, 1, true, true, true, true);
INSERT INTO users (id, institutional_id, title, first_name, middle_name, last_name, email, password_hash, role, department_id, is_active, created_at, updated_at, section, sex, year, semester, notify_chat, notify_announcement, notify_material_task, notify_system) VALUES ('eb69c129-820f-46e6-ac11-83f772faea94', 'BDU-UG-10022', NULL, 'Fikre', 'Solomon', 'Kebede', 'ug22@bdu.edu.et', '$2b$10$DZqxwSrbiYWjRfCugNNkouJ6wwyrJ7JX3jHs0lUCTzeoeNwRSKV42', 'student', '1365b1cf-a55c-41c2-bd35-50fa33a1063a', true, '2026-04-09T04:56:04.396Z', '2026-04-09T04:56:04.396Z', 'B', 'Male', 3, 1, true, true, true, true);
INSERT INTO users (id, institutional_id, title, first_name, middle_name, last_name, email, password_hash, role, department_id, is_active, created_at, updated_at, section, sex, year, semester, notify_chat, notify_announcement, notify_material_task, notify_system) VALUES ('ab0bf204-c43e-49f8-9bd8-028adc8140af', 'BDU-UG-10023', NULL, 'Mahlet', 'Gedion', 'Tesfaye', 'ug23@bdu.edu.et', '$2b$10$DZqxwSrbiYWjRfCugNNkouJ6wwyrJ7JX3jHs0lUCTzeoeNwRSKV42', 'student', '1365b1cf-a55c-41c2-bd35-50fa33a1063a', true, '2026-04-09T04:56:04.396Z', '2026-04-09T04:56:04.396Z', 'B', 'Female', 3, 1, true, true, true, true);
INSERT INTO users (id, institutional_id, title, first_name, middle_name, last_name, email, password_hash, role, department_id, is_active, created_at, updated_at, section, sex, year, semester, notify_chat, notify_announcement, notify_material_task, notify_system) VALUES ('5a6e1212-c31f-4db7-9500-5e74c40ba02e', 'BDU-UG-10024', NULL, 'Yeabsera', 'Abraham', 'Demeke', 'ug24@bdu.edu.et', '$2b$10$DZqxwSrbiYWjRfCugNNkouJ6wwyrJ7JX3jHs0lUCTzeoeNwRSKV42', 'student', '1365b1cf-a55c-41c2-bd35-50fa33a1063a', true, '2026-04-09T04:56:04.396Z', '2026-04-09T04:56:04.396Z', 'B', 'Female', 3, 1, true, true, true, true);
INSERT INTO users (id, institutional_id, title, first_name, middle_name, last_name, email, password_hash, role, department_id, is_active, created_at, updated_at, section, sex, year, semester, notify_chat, notify_announcement, notify_material_task, notify_system) VALUES ('f2b8f161-84da-46bc-8b97-a0bda5652120', 'BDU-UG-10025', NULL, 'Hanna', 'Biniyam', 'Tesfaye', 'ug25@bdu.edu.et', '$2b$10$DZqxwSrbiYWjRfCugNNkouJ6wwyrJ7JX3jHs0lUCTzeoeNwRSKV42', 'student', '1365b1cf-a55c-41c2-bd35-50fa33a1063a', true, '2026-04-09T04:56:04.396Z', '2026-04-09T04:56:04.396Z', 'B', 'Female', 3, 1, true, true, true, true);
INSERT INTO users (id, institutional_id, title, first_name, middle_name, last_name, email, password_hash, role, department_id, is_active, created_at, updated_at, section, sex, year, semester, notify_chat, notify_announcement, notify_material_task, notify_system) VALUES ('1f211788-2eac-4043-9eaa-f64dd59768cf', 'BDU-UG-10040', NULL, 'Kalkidan', 'Biniyam', 'Mulugeta', 'ug40@bdu.edu.et', '$2b$10$DZqxwSrbiYWjRfCugNNkouJ6wwyrJ7JX3jHs0lUCTzeoeNwRSKV42', 'student', 'a1bb2388-98cc-4891-ab2c-5f3560bc4840', true, '2026-04-09T04:56:04.396Z', '2026-04-09T04:56:04.396Z', 'A', 'Female', NULL, NULL, true, true, true, true);
INSERT INTO users (id, institutional_id, title, first_name, middle_name, last_name, email, password_hash, role, department_id, is_active, created_at, updated_at, section, sex, year, semester, notify_chat, notify_announcement, notify_material_task, notify_system) VALUES ('e57f2932-7d9a-4bd9-80b3-8160b4f1bc30', 'BDU-UG-10041', NULL, 'Natnael', 'Samuel', 'Bekele', 'ug41@bdu.edu.et', '$2b$10$DZqxwSrbiYWjRfCugNNkouJ6wwyrJ7JX3jHs0lUCTzeoeNwRSKV42', 'student', 'a1bb2388-98cc-4891-ab2c-5f3560bc4840', true, '2026-04-09T04:56:04.396Z', '2026-04-09T04:56:04.396Z', 'A', 'Male', NULL, NULL, true, true, true, true);
INSERT INTO users (id, institutional_id, title, first_name, middle_name, last_name, email, password_hash, role, department_id, is_active, created_at, updated_at, section, sex, year, semester, notify_chat, notify_announcement, notify_material_task, notify_system) VALUES ('cdcde0d8-4182-4cbf-aac8-0c31256a1a9c', 'BDU-UG-10026', NULL, 'Surafel', 'Sisay', 'Woldemichael', 'ug26@bdu.edu.et', '$2b$10$DZqxwSrbiYWjRfCugNNkouJ6wwyrJ7JX3jHs0lUCTzeoeNwRSKV42', 'student', '1365b1cf-a55c-41c2-bd35-50fa33a1063a', true, '2026-04-09T04:56:04.396Z', '2026-04-09T04:56:04.396Z', 'B', 'Male', 3, 1, true, true, true, true);
INSERT INTO users (id, institutional_id, title, first_name, middle_name, last_name, email, password_hash, role, department_id, is_active, created_at, updated_at, section, sex, year, semester, notify_chat, notify_announcement, notify_material_task, notify_system) VALUES ('c2eb78b7-3404-4b01-bc19-dfe383979fa9', 'BDU-UG-10013', NULL, 'Abel', 'Bereket', 'Kebede', 'ug13@bdu.edu.et', '$2b$10$DZqxwSrbiYWjRfCugNNkouJ6wwyrJ7JX3jHs0lUCTzeoeNwRSKV42', 'student', '1365b1cf-a55c-41c2-bd35-50fa33a1063a', true, '2026-04-09T04:56:04.396Z', '2026-04-09T04:56:04.396Z', 'A', 'Male', 3, 1, true, true, true, true);
INSERT INTO users (id, institutional_id, title, first_name, middle_name, last_name, email, password_hash, role, department_id, is_active, created_at, updated_at, section, sex, year, semester, notify_chat, notify_announcement, notify_material_task, notify_system) VALUES ('18ee7c7e-e5ea-47c2-87e1-580c3ec0543f', 'BDU-UG-10014', NULL, 'Betelhem', 'Biniyam', 'Woldemichael', 'ug14@bdu.edu.et', '$2b$10$DZqxwSrbiYWjRfCugNNkouJ6wwyrJ7JX3jHs0lUCTzeoeNwRSKV42', 'student', '1365b1cf-a55c-41c2-bd35-50fa33a1063a', true, '2026-04-09T04:56:04.396Z', '2026-04-09T04:56:04.396Z', 'A', 'Female', 3, 1, true, true, true, true);
INSERT INTO users (id, institutional_id, title, first_name, middle_name, last_name, email, password_hash, role, department_id, is_active, created_at, updated_at, section, sex, year, semester, notify_chat, notify_announcement, notify_material_task, notify_system) VALUES ('cb92c62b-b095-4cef-b889-7fb2f3cee9ad', NULL, NULL, 'System', NULL, 'Admin', 'admin@bdu.edu.et', '$2b$10$LgvESaS04qItc.KmvCF2EuzjnEb3WQn0OpCF.UfWbNzbMUCM00Ssa', 'admin', NULL, true, '2026-04-15T14:17:42.774Z', '2026-04-15T14:17:42.774Z', NULL, NULL, NULL, NULL, true, true, true, true);
INSERT INTO users (id, institutional_id, title, first_name, middle_name, last_name, email, password_hash, role, department_id, is_active, created_at, updated_at, section, sex, year, semester, notify_chat, notify_announcement, notify_material_task, notify_system) VALUES ('63105618-461b-49b3-9fd7-0f7e6787afe6', 'BDU-UG-10027', NULL, 'Yohannes', 'Ermias', 'Mulugeta', 'ug27@bdu.edu.et', '$2b$10$DZqxwSrbiYWjRfCugNNkouJ6wwyrJ7JX3jHs0lUCTzeoeNwRSKV42', 'student', 'a1bb2388-98cc-4891-ab2c-5f3560bc4840', true, '2026-04-09T04:56:04.396Z', '2026-04-09T04:56:04.396Z', 'A', 'Male', NULL, NULL, true, true, true, true);
INSERT INTO users (id, institutional_id, title, first_name, middle_name, last_name, email, password_hash, role, department_id, is_active, created_at, updated_at, section, sex, year, semester, notify_chat, notify_announcement, notify_material_task, notify_system) VALUES ('ce049d6f-ba0e-4b76-b853-b93f65d6bfaf', 'BDU-UG-10028', NULL, 'Surafel', 'Solomon', 'Girma', 'ug28@bdu.edu.et', '$2b$10$DZqxwSrbiYWjRfCugNNkouJ6wwyrJ7JX3jHs0lUCTzeoeNwRSKV42', 'student', 'a1bb2388-98cc-4891-ab2c-5f3560bc4840', true, '2026-04-09T04:56:04.396Z', '2026-04-09T04:56:04.396Z', 'A', 'Male', NULL, NULL, true, true, true, true);
INSERT INTO users (id, institutional_id, title, first_name, middle_name, last_name, email, password_hash, role, department_id, is_active, created_at, updated_at, section, sex, year, semester, notify_chat, notify_announcement, notify_material_task, notify_system) VALUES ('b998be3a-0e53-4970-810d-493ca2b75d78', 'BDU-UG-10029', NULL, 'Mahlet', 'Samuel', 'Kebede', 'ug29@bdu.edu.et', '$2b$10$DZqxwSrbiYWjRfCugNNkouJ6wwyrJ7JX3jHs0lUCTzeoeNwRSKV42', 'student', 'a1bb2388-98cc-4891-ab2c-5f3560bc4840', true, '2026-04-09T04:56:04.396Z', '2026-04-09T04:56:04.396Z', 'A', 'Female', NULL, NULL, true, true, true, true);
INSERT INTO users (id, institutional_id, title, first_name, middle_name, last_name, email, password_hash, role, department_id, is_active, created_at, updated_at, section, sex, year, semester, notify_chat, notify_announcement, notify_material_task, notify_system) VALUES ('b1917f93-ba9b-4c30-8d36-662cc9ada7b0', 'BDU-UG-10030', NULL, 'Selam', 'Bereket', 'Bekele', 'ug30@bdu.edu.et', '$2b$10$DZqxwSrbiYWjRfCugNNkouJ6wwyrJ7JX3jHs0lUCTzeoeNwRSKV42', 'student', 'a1bb2388-98cc-4891-ab2c-5f3560bc4840', true, '2026-04-09T04:56:04.396Z', '2026-04-09T04:56:04.396Z', 'A', 'Female', NULL, NULL, true, true, true, true);
INSERT INTO users (id, institutional_id, title, first_name, middle_name, last_name, email, password_hash, role, department_id, is_active, created_at, updated_at, section, sex, year, semester, notify_chat, notify_announcement, notify_material_task, notify_system) VALUES ('6e638f5f-f36b-4897-a0f0-09c1babb7f06', 'BDU-UG-10031', NULL, 'Hiwot', 'Ermias', 'Tesfaye', 'ug31@bdu.edu.et', '$2b$10$DZqxwSrbiYWjRfCugNNkouJ6wwyrJ7JX3jHs0lUCTzeoeNwRSKV42', 'student', 'a1bb2388-98cc-4891-ab2c-5f3560bc4840', true, '2026-04-09T04:56:04.396Z', '2026-04-09T04:56:04.396Z', 'A', 'Female', NULL, NULL, true, true, true, true);
INSERT INTO users (id, institutional_id, title, first_name, middle_name, last_name, email, password_hash, role, department_id, is_active, created_at, updated_at, section, sex, year, semester, notify_chat, notify_announcement, notify_material_task, notify_system) VALUES ('6fb12b3f-819c-4eda-af56-d19d1ac6382f', 'BDU-UG-10032', NULL, 'Abel', 'Solomon', 'Tefera', 'ug32@bdu.edu.et', '$2b$10$DZqxwSrbiYWjRfCugNNkouJ6wwyrJ7JX3jHs0lUCTzeoeNwRSKV42', 'student', 'a1bb2388-98cc-4891-ab2c-5f3560bc4840', true, '2026-04-09T04:56:04.396Z', '2026-04-09T04:56:04.396Z', 'A', 'Male', NULL, NULL, true, true, true, true);
INSERT INTO users (id, institutional_id, title, first_name, middle_name, last_name, email, password_hash, role, department_id, is_active, created_at, updated_at, section, sex, year, semester, notify_chat, notify_announcement, notify_material_task, notify_system) VALUES ('cd4d12f0-390d-45f5-99a1-512c155fbf8d', 'BDU-UG-10037', NULL, 'Surafel', 'Ephrem', 'Girma', 'ug37@bdu.edu.et', '$2b$10$DZqxwSrbiYWjRfCugNNkouJ6wwyrJ7JX3jHs0lUCTzeoeNwRSKV42', 'student', 'a1bb2388-98cc-4891-ab2c-5f3560bc4840', true, '2026-04-09T04:56:04.396Z', '2026-04-09T04:56:04.396Z', 'A', 'Male', NULL, NULL, true, true, true, true);
INSERT INTO users (id, institutional_id, title, first_name, middle_name, last_name, email, password_hash, role, department_id, is_active, created_at, updated_at, section, sex, year, semester, notify_chat, notify_announcement, notify_material_task, notify_system) VALUES ('de2911e3-feff-4d00-8425-8a1dcbdca10b', 'BDU-UG-10001', NULL, 'Fikre', 'Sisay', 'Tesfaye', 'ug1@bdu.edu.et', '$2b$10$DZqxwSrbiYWjRfCugNNkouJ6wwyrJ7JX3jHs0lUCTzeoeNwRSKV42', 'student', '1365b1cf-a55c-41c2-bd35-50fa33a1063a', true, '2026-04-09T04:56:04.396Z', '2026-04-09T04:56:04.396Z', 'A', 'Male', 3, 1, true, true, true, true);

-- Data for table: courses
INSERT INTO courses (id, course_code, title, description, instructor_id, department_id, created_at, year, semester, course_guide_url, updated_at, department_ids) VALUES ('8cf8e33c-4a65-49aa-9f97-bf418c67fbec', 'CoSc3033', 'Microprocessor and Assembly language Programming', NULL, NULL, '1365b1cf-a55c-41c2-bd35-50fa33a1063a', '2026-04-09T17:30:04.264Z', 3, 1, NULL, '2026-04-24T17:39:27.055Z', '["1365b1cf-a55c-41c2-bd35-50fa33a1063a"]');
INSERT INTO courses (id, course_code, title, description, instructor_id, department_id, created_at, year, semester, course_guide_url, updated_at, department_ids) VALUES ('91a56ba1-4201-459e-ae2f-681926b37498', 'Math3041', 'Discrete Mathematics and Combinatory', NULL, NULL, '1365b1cf-a55c-41c2-bd35-50fa33a1063a', '2026-04-09T17:30:04.264Z', 3, 1, NULL, '2026-04-24T17:39:27.055Z', '["1365b1cf-a55c-41c2-bd35-50fa33a1063a"]');
INSERT INTO courses (id, course_code, title, description, instructor_id, department_id, created_at, year, semester, course_guide_url, updated_at, department_ids) VALUES ('bf1428a5-cb10-4c7d-aece-c9be03697c7a', 'Math3043', 'Numerical Analysis', NULL, NULL, '1365b1cf-a55c-41c2-bd35-50fa33a1063a', '2026-04-09T17:30:04.264Z', 3, 1, NULL, '2026-04-24T17:39:27.055Z', '["1365b1cf-a55c-41c2-bd35-50fa33a1063a"]');
INSERT INTO courses (id, course_code, title, description, instructor_id, department_id, created_at, year, semester, course_guide_url, updated_at, department_ids) VALUES ('76df16ea-eec4-4b05-b4dd-dfe5269f12be', 'CoSc3053', 'Wireless Communication and Mobile Computing', NULL, NULL, '1365b1cf-a55c-41c2-bd35-50fa33a1063a', '2026-04-09T17:30:04.264Z', 3, 1, NULL, '2026-04-24T17:39:27.055Z', '["1365b1cf-a55c-41c2-bd35-50fa33a1063a"]');
INSERT INTO courses (id, course_code, title, description, instructor_id, department_id, created_at, year, semester, course_guide_url, updated_at, department_ids) VALUES ('5a5ba94f-a351-4010-abaa-12a45b309fca', 'CoSc3023', 'Object-Oriented Programming', NULL, NULL, '1365b1cf-a55c-41c2-bd35-50fa33a1063a', '2026-04-09T17:30:04.264Z', 3, 1, NULL, '2026-04-24T17:39:27.055Z', '["1365b1cf-a55c-41c2-bd35-50fa33a1063a"]');
INSERT INTO courses (id, course_code, title, description, instructor_id, department_id, created_at, year, semester, course_guide_url, updated_at, department_ids) VALUES ('43626711-8158-4b20-a838-660d80666582', 'CoSc3021', 'Analysis of Algorithms', NULL, 'ac7400fc-0e97-4848-b386-dc69deab2271', '1365b1cf-a55c-41c2-bd35-50fa33a1063a', '2026-04-09T17:30:04.264Z', 3, 1, NULL, '2026-04-24T17:39:27.055Z', '["1365b1cf-a55c-41c2-bd35-50fa33a1063a"]');
INSERT INTO courses (id, course_code, title, description, instructor_id, department_id, created_at, year, semester, course_guide_url, updated_at, department_ids) VALUES ('7923479f-8ab9-4f85-9ae3-4e1bfd9a8db4', 'CoSc3121', 'Internet programming', NULL, 'ac7400fc-0e97-4848-b386-dc69deab2271', 'a1bb2388-98cc-4891-ab2c-5f3560bc4840', '2026-04-09T17:30:04.264Z', 3, 1, '/uploads/1777059923628-81638703-IP_guide.pdf', '2026-04-24T17:45:23.681Z', '["1365b1cf-a55c-41c2-bd35-50fa33a1063a","a1bb2388-98cc-4891-ab2c-5f3560bc4840"]');

-- Data for table: course_chapters
INSERT INTO course_chapters (id, course_id, title, order_index, created_at, updated_at) VALUES ('6cd52e83-527e-4aee-80d8-a17b324fa3f5', '7923479f-8ab9-4f85-9ae3-4e1bfd9a8db4', 'Introduction', 0, '2026-04-20T08:31:13.554Z', '2026-04-20T08:31:13.554Z');
INSERT INTO course_chapters (id, course_id, title, order_index, created_at, updated_at) VALUES ('95435a98-a154-4b5a-8a2c-fe395051c7f4', '7923479f-8ab9-4f85-9ae3-4e1bfd9a8db4', 'IP', 1, '2026-04-24T17:33:49.273Z', '2026-04-24T17:33:49.273Z');

-- Data for table: enrollments
INSERT INTO enrollments (id, user_id, course_id, enrolled_at) VALUES ('542a75e0-d517-4348-9c4d-8b5e2afd28f6', 'de2911e3-feff-4d00-8425-8a1dcbdca10b', '8cf8e33c-4a65-49aa-9f97-bf418c67fbec', '2026-04-09T17:30:04.264Z');
INSERT INTO enrollments (id, user_id, course_id, enrolled_at) VALUES ('28cb3468-b5d2-45eb-a662-55a5e1edb2af', 'de2911e3-feff-4d00-8425-8a1dcbdca10b', '91a56ba1-4201-459e-ae2f-681926b37498', '2026-04-09T17:30:04.264Z');
INSERT INTO enrollments (id, user_id, course_id, enrolled_at) VALUES ('a0e2c211-21bd-4ed5-97de-fd4922681144', 'de2911e3-feff-4d00-8425-8a1dcbdca10b', 'bf1428a5-cb10-4c7d-aece-c9be03697c7a', '2026-04-09T17:30:04.264Z');
INSERT INTO enrollments (id, user_id, course_id, enrolled_at) VALUES ('bdf74425-4d7e-4f16-ba5a-9b807d760605', 'de2911e3-feff-4d00-8425-8a1dcbdca10b', '7923479f-8ab9-4f85-9ae3-4e1bfd9a8db4', '2026-04-09T17:30:04.264Z');
INSERT INTO enrollments (id, user_id, course_id, enrolled_at) VALUES ('c864c8ab-fa84-481d-bcc0-4cb50f2bfa81', 'de2911e3-feff-4d00-8425-8a1dcbdca10b', '43626711-8158-4b20-a838-660d80666582', '2026-04-09T17:30:04.264Z');
INSERT INTO enrollments (id, user_id, course_id, enrolled_at) VALUES ('3d835f51-d1d1-4f95-a2cc-42e13b98a324', 'de2911e3-feff-4d00-8425-8a1dcbdca10b', '76df16ea-eec4-4b05-b4dd-dfe5269f12be', '2026-04-09T17:30:04.264Z');
INSERT INTO enrollments (id, user_id, course_id, enrolled_at) VALUES ('86564f45-1995-4ddc-8157-7dc3457b7822', 'de2911e3-feff-4d00-8425-8a1dcbdca10b', '5a5ba94f-a351-4010-abaa-12a45b309fca', '2026-04-09T17:30:04.264Z');
INSERT INTO enrollments (id, user_id, course_id, enrolled_at) VALUES ('175bf70f-4755-4cb1-8ba6-0b26bf33cf80', '6bb11349-8e38-4a9a-9e60-b2e6be70ec10', '8cf8e33c-4a65-49aa-9f97-bf418c67fbec', '2026-04-09T17:30:04.264Z');
INSERT INTO enrollments (id, user_id, course_id, enrolled_at) VALUES ('e8f59834-5758-4329-ad44-2ce7784e460e', '6bb11349-8e38-4a9a-9e60-b2e6be70ec10', '91a56ba1-4201-459e-ae2f-681926b37498', '2026-04-09T17:30:04.264Z');
INSERT INTO enrollments (id, user_id, course_id, enrolled_at) VALUES ('4703df1a-8054-4964-bba7-942334d93a37', '6bb11349-8e38-4a9a-9e60-b2e6be70ec10', 'bf1428a5-cb10-4c7d-aece-c9be03697c7a', '2026-04-09T17:30:04.264Z');
INSERT INTO enrollments (id, user_id, course_id, enrolled_at) VALUES ('9b45ff1e-6f4c-44f4-a3f5-6fe770883417', '6bb11349-8e38-4a9a-9e60-b2e6be70ec10', '7923479f-8ab9-4f85-9ae3-4e1bfd9a8db4', '2026-04-09T17:30:04.264Z');
INSERT INTO enrollments (id, user_id, course_id, enrolled_at) VALUES ('1f60e06c-4a84-4dcc-bad3-73d89e3e5b95', '6bb11349-8e38-4a9a-9e60-b2e6be70ec10', '43626711-8158-4b20-a838-660d80666582', '2026-04-09T17:30:04.264Z');
INSERT INTO enrollments (id, user_id, course_id, enrolled_at) VALUES ('0260f572-2b73-4774-864e-274beeeb19b9', '6bb11349-8e38-4a9a-9e60-b2e6be70ec10', '76df16ea-eec4-4b05-b4dd-dfe5269f12be', '2026-04-09T17:30:04.264Z');
INSERT INTO enrollments (id, user_id, course_id, enrolled_at) VALUES ('c9d7e2d8-ed64-4592-a927-71edde5ca627', '6bb11349-8e38-4a9a-9e60-b2e6be70ec10', '5a5ba94f-a351-4010-abaa-12a45b309fca', '2026-04-09T17:30:04.264Z');
INSERT INTO enrollments (id, user_id, course_id, enrolled_at) VALUES ('14a8af18-5ae9-4b6c-af9d-bfc35d353e79', '015ad799-8836-423a-81d7-bcc85a98671e', '8cf8e33c-4a65-49aa-9f97-bf418c67fbec', '2026-04-09T17:30:04.264Z');
INSERT INTO enrollments (id, user_id, course_id, enrolled_at) VALUES ('b9e2e1b2-65da-4197-bdc1-c23a50154ee3', '015ad799-8836-423a-81d7-bcc85a98671e', '91a56ba1-4201-459e-ae2f-681926b37498', '2026-04-09T17:30:04.264Z');
INSERT INTO enrollments (id, user_id, course_id, enrolled_at) VALUES ('da5a58aa-c367-4438-a191-4533d267b177', '015ad799-8836-423a-81d7-bcc85a98671e', 'bf1428a5-cb10-4c7d-aece-c9be03697c7a', '2026-04-09T17:30:04.264Z');
INSERT INTO enrollments (id, user_id, course_id, enrolled_at) VALUES ('aa223e9d-d14f-4cc7-9178-feaae4ce656d', '015ad799-8836-423a-81d7-bcc85a98671e', '7923479f-8ab9-4f85-9ae3-4e1bfd9a8db4', '2026-04-09T17:30:04.264Z');
INSERT INTO enrollments (id, user_id, course_id, enrolled_at) VALUES ('fc87f265-b601-4667-bc8f-42d6f08ee5f1', '015ad799-8836-423a-81d7-bcc85a98671e', '43626711-8158-4b20-a838-660d80666582', '2026-04-09T17:30:04.264Z');
INSERT INTO enrollments (id, user_id, course_id, enrolled_at) VALUES ('dc8b63f8-7059-4e2d-8a19-857bbc0870cf', '015ad799-8836-423a-81d7-bcc85a98671e', '76df16ea-eec4-4b05-b4dd-dfe5269f12be', '2026-04-09T17:30:04.264Z');
INSERT INTO enrollments (id, user_id, course_id, enrolled_at) VALUES ('9e21f6b3-77cc-4e13-9ba5-749c2515064e', '015ad799-8836-423a-81d7-bcc85a98671e', '5a5ba94f-a351-4010-abaa-12a45b309fca', '2026-04-09T17:30:04.264Z');
INSERT INTO enrollments (id, user_id, course_id, enrolled_at) VALUES ('cd42889b-b768-4f44-9773-55878aef8c59', 'db370554-78c7-4321-97db-26ad74ad1f80', '8cf8e33c-4a65-49aa-9f97-bf418c67fbec', '2026-04-09T17:30:04.264Z');
INSERT INTO enrollments (id, user_id, course_id, enrolled_at) VALUES ('121898ea-858f-47e7-8f18-44e75c04ef3c', 'db370554-78c7-4321-97db-26ad74ad1f80', '91a56ba1-4201-459e-ae2f-681926b37498', '2026-04-09T17:30:04.264Z');
INSERT INTO enrollments (id, user_id, course_id, enrolled_at) VALUES ('e53ed077-3fd7-46d9-b766-431b02c45010', 'db370554-78c7-4321-97db-26ad74ad1f80', 'bf1428a5-cb10-4c7d-aece-c9be03697c7a', '2026-04-09T17:30:04.264Z');
INSERT INTO enrollments (id, user_id, course_id, enrolled_at) VALUES ('fdb91302-aa68-4dc9-a5f3-16432c02aaab', 'db370554-78c7-4321-97db-26ad74ad1f80', '7923479f-8ab9-4f85-9ae3-4e1bfd9a8db4', '2026-04-09T17:30:04.264Z');
INSERT INTO enrollments (id, user_id, course_id, enrolled_at) VALUES ('ebb6fa3f-3fe0-4f19-addd-d2a5d869a334', 'db370554-78c7-4321-97db-26ad74ad1f80', '43626711-8158-4b20-a838-660d80666582', '2026-04-09T17:30:04.264Z');
INSERT INTO enrollments (id, user_id, course_id, enrolled_at) VALUES ('3a9d6d2a-0801-4e28-89cb-a7b00749a715', 'db370554-78c7-4321-97db-26ad74ad1f80', '76df16ea-eec4-4b05-b4dd-dfe5269f12be', '2026-04-09T17:30:04.264Z');
INSERT INTO enrollments (id, user_id, course_id, enrolled_at) VALUES ('0b74f0e4-21df-4dc6-a706-4a27f65b26a5', 'db370554-78c7-4321-97db-26ad74ad1f80', '5a5ba94f-a351-4010-abaa-12a45b309fca', '2026-04-09T17:30:04.264Z');
INSERT INTO enrollments (id, user_id, course_id, enrolled_at) VALUES ('7230e178-4fee-4591-aa6a-884f0eb5ea05', 'a0d6d9a0-43b2-4d2b-90e5-055e207a177d', '8cf8e33c-4a65-49aa-9f97-bf418c67fbec', '2026-04-09T17:30:04.264Z');
INSERT INTO enrollments (id, user_id, course_id, enrolled_at) VALUES ('753d04aa-aedd-48e5-82cc-ae54b32f9dfd', 'a0d6d9a0-43b2-4d2b-90e5-055e207a177d', '91a56ba1-4201-459e-ae2f-681926b37498', '2026-04-09T17:30:04.264Z');
INSERT INTO enrollments (id, user_id, course_id, enrolled_at) VALUES ('04aa778e-0b77-4a69-b9e5-5a58e16e7717', 'a0d6d9a0-43b2-4d2b-90e5-055e207a177d', 'bf1428a5-cb10-4c7d-aece-c9be03697c7a', '2026-04-09T17:30:04.264Z');
INSERT INTO enrollments (id, user_id, course_id, enrolled_at) VALUES ('6e98521c-4ae3-42f0-9267-f5f8e001523b', 'a0d6d9a0-43b2-4d2b-90e5-055e207a177d', '7923479f-8ab9-4f85-9ae3-4e1bfd9a8db4', '2026-04-09T17:30:04.264Z');
INSERT INTO enrollments (id, user_id, course_id, enrolled_at) VALUES ('6ecea6a7-1972-4f25-af93-b11ff324b03d', 'a0d6d9a0-43b2-4d2b-90e5-055e207a177d', '43626711-8158-4b20-a838-660d80666582', '2026-04-09T17:30:04.264Z');
INSERT INTO enrollments (id, user_id, course_id, enrolled_at) VALUES ('60252f18-8fa6-42b0-bef0-1b416f25cd95', 'a0d6d9a0-43b2-4d2b-90e5-055e207a177d', '76df16ea-eec4-4b05-b4dd-dfe5269f12be', '2026-04-09T17:30:04.264Z');
INSERT INTO enrollments (id, user_id, course_id, enrolled_at) VALUES ('775c22fe-7aca-417b-90fc-a437c6bfca99', 'a0d6d9a0-43b2-4d2b-90e5-055e207a177d', '5a5ba94f-a351-4010-abaa-12a45b309fca', '2026-04-09T17:30:04.264Z');
INSERT INTO enrollments (id, user_id, course_id, enrolled_at) VALUES ('cec92afc-6737-464f-bd7d-a074b7ebf632', '0603747f-ec9f-4597-ad79-dd84f5e2e7e8', '8cf8e33c-4a65-49aa-9f97-bf418c67fbec', '2026-04-09T17:30:04.264Z');
INSERT INTO enrollments (id, user_id, course_id, enrolled_at) VALUES ('4ed5c8e7-778a-489e-ad0a-e9bb7c970e4b', '0603747f-ec9f-4597-ad79-dd84f5e2e7e8', '91a56ba1-4201-459e-ae2f-681926b37498', '2026-04-09T17:30:04.264Z');
INSERT INTO enrollments (id, user_id, course_id, enrolled_at) VALUES ('c18dc8c7-1b27-4a39-b4a8-65a357419f3e', '0603747f-ec9f-4597-ad79-dd84f5e2e7e8', 'bf1428a5-cb10-4c7d-aece-c9be03697c7a', '2026-04-09T17:30:04.264Z');
INSERT INTO enrollments (id, user_id, course_id, enrolled_at) VALUES ('ccc2fec9-f2d4-4f29-9569-87e43d9ab150', '0603747f-ec9f-4597-ad79-dd84f5e2e7e8', '7923479f-8ab9-4f85-9ae3-4e1bfd9a8db4', '2026-04-09T17:30:04.264Z');
INSERT INTO enrollments (id, user_id, course_id, enrolled_at) VALUES ('b4d90e0b-1233-4041-b2c9-eadd7144f562', '0603747f-ec9f-4597-ad79-dd84f5e2e7e8', '43626711-8158-4b20-a838-660d80666582', '2026-04-09T17:30:04.264Z');
INSERT INTO enrollments (id, user_id, course_id, enrolled_at) VALUES ('9fe6aa12-a10f-4f27-8cd8-5d2cfe8ab98f', '0603747f-ec9f-4597-ad79-dd84f5e2e7e8', '76df16ea-eec4-4b05-b4dd-dfe5269f12be', '2026-04-09T17:30:04.264Z');
INSERT INTO enrollments (id, user_id, course_id, enrolled_at) VALUES ('25339a0f-4c4b-4307-8e14-9a40a4c18f66', '0603747f-ec9f-4597-ad79-dd84f5e2e7e8', '5a5ba94f-a351-4010-abaa-12a45b309fca', '2026-04-09T17:30:04.264Z');
INSERT INTO enrollments (id, user_id, course_id, enrolled_at) VALUES ('8cccce2e-d2e3-4c1f-9807-e54029bc83ad', 'b902c402-0c59-4d7a-bbbd-9bdf73fe4ed6', '8cf8e33c-4a65-49aa-9f97-bf418c67fbec', '2026-04-09T17:30:04.264Z');
INSERT INTO enrollments (id, user_id, course_id, enrolled_at) VALUES ('2b6d0981-8dd5-433d-8968-ba19ae8b6415', 'b902c402-0c59-4d7a-bbbd-9bdf73fe4ed6', '91a56ba1-4201-459e-ae2f-681926b37498', '2026-04-09T17:30:04.264Z');
INSERT INTO enrollments (id, user_id, course_id, enrolled_at) VALUES ('f5bbef17-9bf5-4eab-baf7-01c53f0153a1', 'b902c402-0c59-4d7a-bbbd-9bdf73fe4ed6', 'bf1428a5-cb10-4c7d-aece-c9be03697c7a', '2026-04-09T17:30:04.264Z');
INSERT INTO enrollments (id, user_id, course_id, enrolled_at) VALUES ('41830658-71c5-44fa-a1c4-122125cb9beb', 'b902c402-0c59-4d7a-bbbd-9bdf73fe4ed6', '7923479f-8ab9-4f85-9ae3-4e1bfd9a8db4', '2026-04-09T17:30:04.264Z');
INSERT INTO enrollments (id, user_id, course_id, enrolled_at) VALUES ('ad406668-5b24-4f3f-bb0c-9b84474bde5e', 'b902c402-0c59-4d7a-bbbd-9bdf73fe4ed6', '43626711-8158-4b20-a838-660d80666582', '2026-04-09T17:30:04.264Z');
INSERT INTO enrollments (id, user_id, course_id, enrolled_at) VALUES ('fad375a3-d3de-456d-8237-97a8da70aa09', 'b902c402-0c59-4d7a-bbbd-9bdf73fe4ed6', '76df16ea-eec4-4b05-b4dd-dfe5269f12be', '2026-04-09T17:30:04.264Z');
INSERT INTO enrollments (id, user_id, course_id, enrolled_at) VALUES ('48cc02b6-0fdb-4714-8a39-1f416ca5de17', 'b902c402-0c59-4d7a-bbbd-9bdf73fe4ed6', '5a5ba94f-a351-4010-abaa-12a45b309fca', '2026-04-09T17:30:04.264Z');
INSERT INTO enrollments (id, user_id, course_id, enrolled_at) VALUES ('53dccf71-8300-441d-9959-04eae40a816c', '7a6c09d5-cd99-4209-8d05-2368e0bdb573', '8cf8e33c-4a65-49aa-9f97-bf418c67fbec', '2026-04-09T17:30:04.264Z');
INSERT INTO enrollments (id, user_id, course_id, enrolled_at) VALUES ('eef826dc-e5d4-432a-90c2-98e416d436db', '7a6c09d5-cd99-4209-8d05-2368e0bdb573', '91a56ba1-4201-459e-ae2f-681926b37498', '2026-04-09T17:30:04.264Z');
INSERT INTO enrollments (id, user_id, course_id, enrolled_at) VALUES ('00f8d12b-6d9e-4c6d-a39b-eeff68a00f5a', '7a6c09d5-cd99-4209-8d05-2368e0bdb573', 'bf1428a5-cb10-4c7d-aece-c9be03697c7a', '2026-04-09T17:30:04.264Z');
INSERT INTO enrollments (id, user_id, course_id, enrolled_at) VALUES ('6d462794-5674-46a7-8095-ab2709248cba', '7a6c09d5-cd99-4209-8d05-2368e0bdb573', '7923479f-8ab9-4f85-9ae3-4e1bfd9a8db4', '2026-04-09T17:30:04.264Z');
INSERT INTO enrollments (id, user_id, course_id, enrolled_at) VALUES ('329baf34-29db-478c-a5a9-0ff9f49cd771', '7a6c09d5-cd99-4209-8d05-2368e0bdb573', '43626711-8158-4b20-a838-660d80666582', '2026-04-09T17:30:04.264Z');
INSERT INTO enrollments (id, user_id, course_id, enrolled_at) VALUES ('847ae924-e4d5-4da9-81bd-21091c47e44c', '7a6c09d5-cd99-4209-8d05-2368e0bdb573', '76df16ea-eec4-4b05-b4dd-dfe5269f12be', '2026-04-09T17:30:04.264Z');
INSERT INTO enrollments (id, user_id, course_id, enrolled_at) VALUES ('9f46ef76-1135-4ff5-9f02-db8d02432432', '7a6c09d5-cd99-4209-8d05-2368e0bdb573', '5a5ba94f-a351-4010-abaa-12a45b309fca', '2026-04-09T17:30:04.264Z');
INSERT INTO enrollments (id, user_id, course_id, enrolled_at) VALUES ('9626a245-e44a-4f13-b6f0-4153ce486e68', '46e9b692-3ba3-4e0a-a2de-8822cd75e6fe', '8cf8e33c-4a65-49aa-9f97-bf418c67fbec', '2026-04-09T17:30:04.264Z');
INSERT INTO enrollments (id, user_id, course_id, enrolled_at) VALUES ('1905601e-6305-440f-8529-663031f517e9', '46e9b692-3ba3-4e0a-a2de-8822cd75e6fe', '91a56ba1-4201-459e-ae2f-681926b37498', '2026-04-09T17:30:04.264Z');
INSERT INTO enrollments (id, user_id, course_id, enrolled_at) VALUES ('83b04d18-473d-48eb-8208-308e9acf12ff', '46e9b692-3ba3-4e0a-a2de-8822cd75e6fe', 'bf1428a5-cb10-4c7d-aece-c9be03697c7a', '2026-04-09T17:30:04.264Z');
INSERT INTO enrollments (id, user_id, course_id, enrolled_at) VALUES ('332d8e97-a157-4d62-9edd-407511e7df10', '46e9b692-3ba3-4e0a-a2de-8822cd75e6fe', '7923479f-8ab9-4f85-9ae3-4e1bfd9a8db4', '2026-04-09T17:30:04.264Z');
INSERT INTO enrollments (id, user_id, course_id, enrolled_at) VALUES ('0daa5a78-0a6c-40d0-a177-0ecfd9f65aec', '46e9b692-3ba3-4e0a-a2de-8822cd75e6fe', '43626711-8158-4b20-a838-660d80666582', '2026-04-09T17:30:04.264Z');
INSERT INTO enrollments (id, user_id, course_id, enrolled_at) VALUES ('5428a80a-11e1-4b00-9b21-79cd55e1b58a', '46e9b692-3ba3-4e0a-a2de-8822cd75e6fe', '76df16ea-eec4-4b05-b4dd-dfe5269f12be', '2026-04-09T17:30:04.264Z');
INSERT INTO enrollments (id, user_id, course_id, enrolled_at) VALUES ('026691e6-c4ce-480a-ae6e-b7ddf4324bbe', '46e9b692-3ba3-4e0a-a2de-8822cd75e6fe', '5a5ba94f-a351-4010-abaa-12a45b309fca', '2026-04-09T17:30:04.264Z');
INSERT INTO enrollments (id, user_id, course_id, enrolled_at) VALUES ('cc49d216-6cb7-4efa-ad1c-09a14d6b96d5', '70703377-9aac-489d-8047-f425772d741f', '8cf8e33c-4a65-49aa-9f97-bf418c67fbec', '2026-04-09T17:30:04.264Z');
INSERT INTO enrollments (id, user_id, course_id, enrolled_at) VALUES ('ee6e5904-eee7-4f26-a722-6ea1f89ec0b6', '70703377-9aac-489d-8047-f425772d741f', '91a56ba1-4201-459e-ae2f-681926b37498', '2026-04-09T17:30:04.264Z');
INSERT INTO enrollments (id, user_id, course_id, enrolled_at) VALUES ('acd0db16-643d-408a-8754-88420a24b796', '70703377-9aac-489d-8047-f425772d741f', 'bf1428a5-cb10-4c7d-aece-c9be03697c7a', '2026-04-09T17:30:04.264Z');
INSERT INTO enrollments (id, user_id, course_id, enrolled_at) VALUES ('31643c82-09da-49d6-8feb-fc742112aba2', '70703377-9aac-489d-8047-f425772d741f', '7923479f-8ab9-4f85-9ae3-4e1bfd9a8db4', '2026-04-09T17:30:04.264Z');
INSERT INTO enrollments (id, user_id, course_id, enrolled_at) VALUES ('15dc537e-2445-42ad-98e7-06601abfad24', '70703377-9aac-489d-8047-f425772d741f', '43626711-8158-4b20-a838-660d80666582', '2026-04-09T17:30:04.264Z');
INSERT INTO enrollments (id, user_id, course_id, enrolled_at) VALUES ('ba803b68-a0d1-4bc0-97cc-412eee619d62', '70703377-9aac-489d-8047-f425772d741f', '76df16ea-eec4-4b05-b4dd-dfe5269f12be', '2026-04-09T17:30:04.264Z');
INSERT INTO enrollments (id, user_id, course_id, enrolled_at) VALUES ('aa5ce998-4511-434a-b53b-39953380c183', '70703377-9aac-489d-8047-f425772d741f', '5a5ba94f-a351-4010-abaa-12a45b309fca', '2026-04-09T17:30:04.264Z');
INSERT INTO enrollments (id, user_id, course_id, enrolled_at) VALUES ('7fcd2bbc-6f99-496c-b654-71984b21a740', '127b2631-2ee4-4583-9d83-dc3ea80de3df', '8cf8e33c-4a65-49aa-9f97-bf418c67fbec', '2026-04-09T17:30:04.264Z');
INSERT INTO enrollments (id, user_id, course_id, enrolled_at) VALUES ('d97b5b0d-baec-414a-923a-0cad721f6648', '127b2631-2ee4-4583-9d83-dc3ea80de3df', '91a56ba1-4201-459e-ae2f-681926b37498', '2026-04-09T17:30:04.264Z');
INSERT INTO enrollments (id, user_id, course_id, enrolled_at) VALUES ('7bedc48e-6bf0-46d7-99b3-c94c8662c961', '127b2631-2ee4-4583-9d83-dc3ea80de3df', 'bf1428a5-cb10-4c7d-aece-c9be03697c7a', '2026-04-09T17:30:04.264Z');
INSERT INTO enrollments (id, user_id, course_id, enrolled_at) VALUES ('a07a849a-5b43-4c79-b559-700c09f38980', '127b2631-2ee4-4583-9d83-dc3ea80de3df', '7923479f-8ab9-4f85-9ae3-4e1bfd9a8db4', '2026-04-09T17:30:04.264Z');
INSERT INTO enrollments (id, user_id, course_id, enrolled_at) VALUES ('8c67fc7a-44e9-40c9-b208-82fd13214a0a', '127b2631-2ee4-4583-9d83-dc3ea80de3df', '43626711-8158-4b20-a838-660d80666582', '2026-04-09T17:30:04.264Z');
INSERT INTO enrollments (id, user_id, course_id, enrolled_at) VALUES ('ce709dd9-66b1-47f4-ba8c-9cb73f452e2b', '127b2631-2ee4-4583-9d83-dc3ea80de3df', '76df16ea-eec4-4b05-b4dd-dfe5269f12be', '2026-04-09T17:30:04.264Z');
INSERT INTO enrollments (id, user_id, course_id, enrolled_at) VALUES ('6c1c2958-65e9-416e-a7f9-0629f0912ea3', '127b2631-2ee4-4583-9d83-dc3ea80de3df', '5a5ba94f-a351-4010-abaa-12a45b309fca', '2026-04-09T17:30:04.264Z');
INSERT INTO enrollments (id, user_id, course_id, enrolled_at) VALUES ('a324b1d2-7a89-4126-9bb9-b73427a260fb', '27babcde-1751-4b51-a4bf-92e1db63313d', '8cf8e33c-4a65-49aa-9f97-bf418c67fbec', '2026-04-09T17:30:04.264Z');
INSERT INTO enrollments (id, user_id, course_id, enrolled_at) VALUES ('ec2367eb-b518-4b57-a848-e28bb283a2d4', '27babcde-1751-4b51-a4bf-92e1db63313d', '91a56ba1-4201-459e-ae2f-681926b37498', '2026-04-09T17:30:04.264Z');
INSERT INTO enrollments (id, user_id, course_id, enrolled_at) VALUES ('5947f352-5b74-473e-9ef3-30788804d6d8', '27babcde-1751-4b51-a4bf-92e1db63313d', 'bf1428a5-cb10-4c7d-aece-c9be03697c7a', '2026-04-09T17:30:04.264Z');
INSERT INTO enrollments (id, user_id, course_id, enrolled_at) VALUES ('e30aa9d9-33af-4030-9097-79e1ec0567a4', '27babcde-1751-4b51-a4bf-92e1db63313d', '7923479f-8ab9-4f85-9ae3-4e1bfd9a8db4', '2026-04-09T17:30:04.264Z');
INSERT INTO enrollments (id, user_id, course_id, enrolled_at) VALUES ('0aa6f8e2-9422-45aa-8bc8-37fa991d7a09', '27babcde-1751-4b51-a4bf-92e1db63313d', '43626711-8158-4b20-a838-660d80666582', '2026-04-09T17:30:04.264Z');
INSERT INTO enrollments (id, user_id, course_id, enrolled_at) VALUES ('19c6bcff-377e-414b-bf57-f5e943d846af', '27babcde-1751-4b51-a4bf-92e1db63313d', '76df16ea-eec4-4b05-b4dd-dfe5269f12be', '2026-04-09T17:30:04.264Z');
INSERT INTO enrollments (id, user_id, course_id, enrolled_at) VALUES ('ea42156c-8144-44d0-84cb-449825c1053c', '27babcde-1751-4b51-a4bf-92e1db63313d', '5a5ba94f-a351-4010-abaa-12a45b309fca', '2026-04-09T17:30:04.264Z');
INSERT INTO enrollments (id, user_id, course_id, enrolled_at) VALUES ('58c5db1b-37df-42ef-b71b-1acfda92fab6', 'c2eb78b7-3404-4b01-bc19-dfe383979fa9', '8cf8e33c-4a65-49aa-9f97-bf418c67fbec', '2026-04-09T17:30:04.264Z');
INSERT INTO enrollments (id, user_id, course_id, enrolled_at) VALUES ('9b26dfe1-8bf2-4110-b0a8-66d7e9ad91f7', 'c2eb78b7-3404-4b01-bc19-dfe383979fa9', '91a56ba1-4201-459e-ae2f-681926b37498', '2026-04-09T17:30:04.264Z');
INSERT INTO enrollments (id, user_id, course_id, enrolled_at) VALUES ('5c8b1347-62f8-4f66-bcb2-4cef104445bb', 'c2eb78b7-3404-4b01-bc19-dfe383979fa9', 'bf1428a5-cb10-4c7d-aece-c9be03697c7a', '2026-04-09T17:30:04.264Z');
INSERT INTO enrollments (id, user_id, course_id, enrolled_at) VALUES ('76a23501-3110-463e-866f-dd4ed4b9f51c', 'c2eb78b7-3404-4b01-bc19-dfe383979fa9', '7923479f-8ab9-4f85-9ae3-4e1bfd9a8db4', '2026-04-09T17:30:04.264Z');
INSERT INTO enrollments (id, user_id, course_id, enrolled_at) VALUES ('27749da0-472e-4f8a-9dc5-9eb236f6faaf', 'c2eb78b7-3404-4b01-bc19-dfe383979fa9', '43626711-8158-4b20-a838-660d80666582', '2026-04-09T17:30:04.264Z');
INSERT INTO enrollments (id, user_id, course_id, enrolled_at) VALUES ('e9a745df-90b5-439b-be27-3a9e31f42e4b', 'c2eb78b7-3404-4b01-bc19-dfe383979fa9', '76df16ea-eec4-4b05-b4dd-dfe5269f12be', '2026-04-09T17:30:04.264Z');
INSERT INTO enrollments (id, user_id, course_id, enrolled_at) VALUES ('b85b94e6-0888-45b6-bbf0-0bd45aebf833', 'c2eb78b7-3404-4b01-bc19-dfe383979fa9', '5a5ba94f-a351-4010-abaa-12a45b309fca', '2026-04-09T17:30:04.264Z');
INSERT INTO enrollments (id, user_id, course_id, enrolled_at) VALUES ('564c7847-0fbc-4dc7-8027-7b813b595d3d', '18ee7c7e-e5ea-47c2-87e1-580c3ec0543f', '8cf8e33c-4a65-49aa-9f97-bf418c67fbec', '2026-04-09T17:30:04.264Z');
INSERT INTO enrollments (id, user_id, course_id, enrolled_at) VALUES ('933103c2-d2b0-4c09-8a72-406bee83f89e', '18ee7c7e-e5ea-47c2-87e1-580c3ec0543f', '91a56ba1-4201-459e-ae2f-681926b37498', '2026-04-09T17:30:04.264Z');
INSERT INTO enrollments (id, user_id, course_id, enrolled_at) VALUES ('3c709517-2708-4db9-ba98-ac16e1a490ff', '18ee7c7e-e5ea-47c2-87e1-580c3ec0543f', 'bf1428a5-cb10-4c7d-aece-c9be03697c7a', '2026-04-09T17:30:04.264Z');
INSERT INTO enrollments (id, user_id, course_id, enrolled_at) VALUES ('76e78993-8e8f-452f-ba48-4aab4f254a00', '18ee7c7e-e5ea-47c2-87e1-580c3ec0543f', '7923479f-8ab9-4f85-9ae3-4e1bfd9a8db4', '2026-04-09T17:30:04.264Z');
INSERT INTO enrollments (id, user_id, course_id, enrolled_at) VALUES ('06430cd1-5b02-4e17-ab2b-f19a3991ef81', '18ee7c7e-e5ea-47c2-87e1-580c3ec0543f', '43626711-8158-4b20-a838-660d80666582', '2026-04-09T17:30:04.264Z');
INSERT INTO enrollments (id, user_id, course_id, enrolled_at) VALUES ('24958d12-fef1-4a3a-886d-b71da23dd9e3', '18ee7c7e-e5ea-47c2-87e1-580c3ec0543f', '76df16ea-eec4-4b05-b4dd-dfe5269f12be', '2026-04-09T17:30:04.264Z');
INSERT INTO enrollments (id, user_id, course_id, enrolled_at) VALUES ('405ab501-85be-414e-b479-079489ae195f', '18ee7c7e-e5ea-47c2-87e1-580c3ec0543f', '5a5ba94f-a351-4010-abaa-12a45b309fca', '2026-04-09T17:30:04.264Z');
INSERT INTO enrollments (id, user_id, course_id, enrolled_at) VALUES ('6e0e9121-cfcc-4638-8efb-06532763de1a', '6348fee0-2824-4ca1-a11a-50b6169a30e1', '8cf8e33c-4a65-49aa-9f97-bf418c67fbec', '2026-04-11T17:43:54.082Z');
INSERT INTO enrollments (id, user_id, course_id, enrolled_at) VALUES ('b1b0ef18-e560-4ca7-986d-5b1d90bf7946', '0f8d08d5-60ba-4db7-ba7a-250c66dcb3d1', '8cf8e33c-4a65-49aa-9f97-bf418c67fbec', '2026-04-11T17:43:54.082Z');
INSERT INTO enrollments (id, user_id, course_id, enrolled_at) VALUES ('d4f538d1-4c56-4a5f-9577-2bcd9b371381', '21ba86ec-298f-4cd0-8c03-2ed7d435b498', '8cf8e33c-4a65-49aa-9f97-bf418c67fbec', '2026-04-11T17:43:54.082Z');
INSERT INTO enrollments (id, user_id, course_id, enrolled_at) VALUES ('f2df4815-8d1f-4a1b-90dd-667ec0ff4693', 'f395aa36-65f6-4f22-9c2c-0159dce79df2', '8cf8e33c-4a65-49aa-9f97-bf418c67fbec', '2026-04-11T17:43:54.082Z');
INSERT INTO enrollments (id, user_id, course_id, enrolled_at) VALUES ('c23e37f2-9d08-4511-8066-37304b5f7520', '5ec96b7f-ee9c-412a-bdc4-305a024a4274', '8cf8e33c-4a65-49aa-9f97-bf418c67fbec', '2026-04-11T17:43:54.082Z');
INSERT INTO enrollments (id, user_id, course_id, enrolled_at) VALUES ('2229af3d-85fa-40ab-88c3-025a4854be8d', 'a73cbcbf-b78e-4b02-a810-4a8457e49649', '8cf8e33c-4a65-49aa-9f97-bf418c67fbec', '2026-04-11T17:43:54.082Z');
INSERT INTO enrollments (id, user_id, course_id, enrolled_at) VALUES ('bf11729e-dafb-477f-9a7b-c9ba8a7c9374', '53223528-dca3-48df-a55c-eea5cabfb1f1', '8cf8e33c-4a65-49aa-9f97-bf418c67fbec', '2026-04-11T17:43:54.082Z');
INSERT INTO enrollments (id, user_id, course_id, enrolled_at) VALUES ('5400bbe0-092b-4d8a-a5f8-e546da41ff2f', 'cc250604-9044-4904-b7db-e5b717ce4eb5', '8cf8e33c-4a65-49aa-9f97-bf418c67fbec', '2026-04-11T17:43:54.082Z');
INSERT INTO enrollments (id, user_id, course_id, enrolled_at) VALUES ('c99a2ace-f376-4086-8462-a3b0329ef855', '58e33180-f345-4805-a171-8893f77e36b7', '8cf8e33c-4a65-49aa-9f97-bf418c67fbec', '2026-04-11T17:43:54.082Z');
INSERT INTO enrollments (id, user_id, course_id, enrolled_at) VALUES ('c8f27442-62a9-4e28-a08f-fa3dc12fed8f', 'eb69c129-820f-46e6-ac11-83f772faea94', '8cf8e33c-4a65-49aa-9f97-bf418c67fbec', '2026-04-11T17:43:54.082Z');
INSERT INTO enrollments (id, user_id, course_id, enrolled_at) VALUES ('2934507a-920b-41ba-bae8-8ed7a6b973f3', 'ab0bf204-c43e-49f8-9bd8-028adc8140af', '8cf8e33c-4a65-49aa-9f97-bf418c67fbec', '2026-04-11T17:43:54.082Z');
INSERT INTO enrollments (id, user_id, course_id, enrolled_at) VALUES ('ae6b38e6-5477-40cd-8952-e18899492241', '5a6e1212-c31f-4db7-9500-5e74c40ba02e', '8cf8e33c-4a65-49aa-9f97-bf418c67fbec', '2026-04-11T17:43:54.082Z');
INSERT INTO enrollments (id, user_id, course_id, enrolled_at) VALUES ('1ef1a0a0-1dae-4e45-af7a-cae454d247ff', 'f2b8f161-84da-46bc-8b97-a0bda5652120', '8cf8e33c-4a65-49aa-9f97-bf418c67fbec', '2026-04-11T17:43:54.082Z');
INSERT INTO enrollments (id, user_id, course_id, enrolled_at) VALUES ('ff055586-f890-43e9-aa83-87efb22933d9', 'cdcde0d8-4182-4cbf-aac8-0c31256a1a9c', '8cf8e33c-4a65-49aa-9f97-bf418c67fbec', '2026-04-11T17:43:54.082Z');
INSERT INTO enrollments (id, user_id, course_id, enrolled_at) VALUES ('3aae71a9-7cc9-4e57-a449-4cbd1a5f2ca6', '6348fee0-2824-4ca1-a11a-50b6169a30e1', '91a56ba1-4201-459e-ae2f-681926b37498', '2026-04-11T17:43:54.090Z');
INSERT INTO enrollments (id, user_id, course_id, enrolled_at) VALUES ('f4061ec9-a782-4b96-9204-e119a8a90b50', '0f8d08d5-60ba-4db7-ba7a-250c66dcb3d1', '91a56ba1-4201-459e-ae2f-681926b37498', '2026-04-11T17:43:54.090Z');
INSERT INTO enrollments (id, user_id, course_id, enrolled_at) VALUES ('f1834bbf-4884-45d6-a920-8866c1d6bd02', '21ba86ec-298f-4cd0-8c03-2ed7d435b498', '91a56ba1-4201-459e-ae2f-681926b37498', '2026-04-11T17:43:54.090Z');
INSERT INTO enrollments (id, user_id, course_id, enrolled_at) VALUES ('21ed81cc-647a-4b2c-813e-addc7df63119', 'f395aa36-65f6-4f22-9c2c-0159dce79df2', '91a56ba1-4201-459e-ae2f-681926b37498', '2026-04-11T17:43:54.090Z');
INSERT INTO enrollments (id, user_id, course_id, enrolled_at) VALUES ('c43619db-4847-467f-a0fc-7f5f3ffcde31', '5ec96b7f-ee9c-412a-bdc4-305a024a4274', '91a56ba1-4201-459e-ae2f-681926b37498', '2026-04-11T17:43:54.090Z');
INSERT INTO enrollments (id, user_id, course_id, enrolled_at) VALUES ('b30d6b1d-bcd3-4f47-bd89-5eefe0b13985', 'a73cbcbf-b78e-4b02-a810-4a8457e49649', '91a56ba1-4201-459e-ae2f-681926b37498', '2026-04-11T17:43:54.090Z');
INSERT INTO enrollments (id, user_id, course_id, enrolled_at) VALUES ('26853841-7ae0-4333-9c37-667866a2b6e6', '53223528-dca3-48df-a55c-eea5cabfb1f1', '91a56ba1-4201-459e-ae2f-681926b37498', '2026-04-11T17:43:54.090Z');
INSERT INTO enrollments (id, user_id, course_id, enrolled_at) VALUES ('72ae98e2-236b-4cc4-b4bd-fbd3c310c359', 'cc250604-9044-4904-b7db-e5b717ce4eb5', '91a56ba1-4201-459e-ae2f-681926b37498', '2026-04-11T17:43:54.090Z');
INSERT INTO enrollments (id, user_id, course_id, enrolled_at) VALUES ('0d7205ba-e0de-49e0-8220-6a82ddd4ad76', '58e33180-f345-4805-a171-8893f77e36b7', '91a56ba1-4201-459e-ae2f-681926b37498', '2026-04-11T17:43:54.090Z');
INSERT INTO enrollments (id, user_id, course_id, enrolled_at) VALUES ('fa15ca1b-83cf-4f8d-980d-d5981b598bd0', 'eb69c129-820f-46e6-ac11-83f772faea94', '91a56ba1-4201-459e-ae2f-681926b37498', '2026-04-11T17:43:54.090Z');
INSERT INTO enrollments (id, user_id, course_id, enrolled_at) VALUES ('79621dc1-6ec2-4d38-80ad-d8317e56c9db', 'ab0bf204-c43e-49f8-9bd8-028adc8140af', '91a56ba1-4201-459e-ae2f-681926b37498', '2026-04-11T17:43:54.090Z');
INSERT INTO enrollments (id, user_id, course_id, enrolled_at) VALUES ('16fbec26-3974-4cad-8bb8-c2bcede970a5', '5a6e1212-c31f-4db7-9500-5e74c40ba02e', '91a56ba1-4201-459e-ae2f-681926b37498', '2026-04-11T17:43:54.090Z');
INSERT INTO enrollments (id, user_id, course_id, enrolled_at) VALUES ('933a7cb8-aab0-4944-95bc-cf915e134d24', 'f2b8f161-84da-46bc-8b97-a0bda5652120', '91a56ba1-4201-459e-ae2f-681926b37498', '2026-04-11T17:43:54.090Z');
INSERT INTO enrollments (id, user_id, course_id, enrolled_at) VALUES ('776e755f-a9ca-444e-845e-344fdfff6689', 'cdcde0d8-4182-4cbf-aac8-0c31256a1a9c', '91a56ba1-4201-459e-ae2f-681926b37498', '2026-04-11T17:43:54.090Z');
INSERT INTO enrollments (id, user_id, course_id, enrolled_at) VALUES ('b754cd65-d5a8-4b56-8d12-1321d87f1c45', '6348fee0-2824-4ca1-a11a-50b6169a30e1', 'bf1428a5-cb10-4c7d-aece-c9be03697c7a', '2026-04-11T17:43:54.091Z');
INSERT INTO enrollments (id, user_id, course_id, enrolled_at) VALUES ('d1a702c7-f6b1-4f74-924a-7bfc5bf06f1d', '0f8d08d5-60ba-4db7-ba7a-250c66dcb3d1', 'bf1428a5-cb10-4c7d-aece-c9be03697c7a', '2026-04-11T17:43:54.091Z');
INSERT INTO enrollments (id, user_id, course_id, enrolled_at) VALUES ('2685242e-d1a3-4ec5-9d49-d1b254cf1347', '21ba86ec-298f-4cd0-8c03-2ed7d435b498', 'bf1428a5-cb10-4c7d-aece-c9be03697c7a', '2026-04-11T17:43:54.091Z');
INSERT INTO enrollments (id, user_id, course_id, enrolled_at) VALUES ('c237e140-6cbf-4730-b733-eb96e4d5a677', 'f395aa36-65f6-4f22-9c2c-0159dce79df2', 'bf1428a5-cb10-4c7d-aece-c9be03697c7a', '2026-04-11T17:43:54.091Z');
INSERT INTO enrollments (id, user_id, course_id, enrolled_at) VALUES ('e1367ba7-9b98-491b-885d-c07f4b9b096e', '5ec96b7f-ee9c-412a-bdc4-305a024a4274', 'bf1428a5-cb10-4c7d-aece-c9be03697c7a', '2026-04-11T17:43:54.091Z');
INSERT INTO enrollments (id, user_id, course_id, enrolled_at) VALUES ('f454b849-69de-4dc5-aaed-9aa2268ef5ed', 'a73cbcbf-b78e-4b02-a810-4a8457e49649', 'bf1428a5-cb10-4c7d-aece-c9be03697c7a', '2026-04-11T17:43:54.091Z');
INSERT INTO enrollments (id, user_id, course_id, enrolled_at) VALUES ('9a2810d7-8a05-4f6b-90ab-c2df9148197b', '53223528-dca3-48df-a55c-eea5cabfb1f1', 'bf1428a5-cb10-4c7d-aece-c9be03697c7a', '2026-04-11T17:43:54.091Z');
INSERT INTO enrollments (id, user_id, course_id, enrolled_at) VALUES ('cd29ec1f-8016-4a62-a770-2b1f5a70f178', 'cc250604-9044-4904-b7db-e5b717ce4eb5', 'bf1428a5-cb10-4c7d-aece-c9be03697c7a', '2026-04-11T17:43:54.091Z');
INSERT INTO enrollments (id, user_id, course_id, enrolled_at) VALUES ('db131263-bdb2-4b95-bebb-a0545e5e2a02', '58e33180-f345-4805-a171-8893f77e36b7', 'bf1428a5-cb10-4c7d-aece-c9be03697c7a', '2026-04-11T17:43:54.091Z');
INSERT INTO enrollments (id, user_id, course_id, enrolled_at) VALUES ('20d5b20f-087c-4adc-bc2d-8a0e4935c71e', 'eb69c129-820f-46e6-ac11-83f772faea94', 'bf1428a5-cb10-4c7d-aece-c9be03697c7a', '2026-04-11T17:43:54.091Z');
INSERT INTO enrollments (id, user_id, course_id, enrolled_at) VALUES ('a6974f1a-fa2b-41d4-8a23-db30ce65d9f0', 'ab0bf204-c43e-49f8-9bd8-028adc8140af', 'bf1428a5-cb10-4c7d-aece-c9be03697c7a', '2026-04-11T17:43:54.091Z');
INSERT INTO enrollments (id, user_id, course_id, enrolled_at) VALUES ('70130c18-9c7c-420b-a76f-91686f69e74e', '5a6e1212-c31f-4db7-9500-5e74c40ba02e', 'bf1428a5-cb10-4c7d-aece-c9be03697c7a', '2026-04-11T17:43:54.091Z');
INSERT INTO enrollments (id, user_id, course_id, enrolled_at) VALUES ('78041f5d-3877-47a5-86ad-b3b6bda2342c', 'f2b8f161-84da-46bc-8b97-a0bda5652120', 'bf1428a5-cb10-4c7d-aece-c9be03697c7a', '2026-04-11T17:43:54.091Z');
INSERT INTO enrollments (id, user_id, course_id, enrolled_at) VALUES ('dd842935-c28f-4d7e-a45d-837509089acb', 'cdcde0d8-4182-4cbf-aac8-0c31256a1a9c', 'bf1428a5-cb10-4c7d-aece-c9be03697c7a', '2026-04-11T17:43:54.091Z');
INSERT INTO enrollments (id, user_id, course_id, enrolled_at) VALUES ('51d204a6-ac55-43ab-8762-a97d24e11f19', '6348fee0-2824-4ca1-a11a-50b6169a30e1', '76df16ea-eec4-4b05-b4dd-dfe5269f12be', '2026-04-11T17:43:54.092Z');
INSERT INTO enrollments (id, user_id, course_id, enrolled_at) VALUES ('afec1d03-0a1b-4c73-adc8-c51554adea4e', '0f8d08d5-60ba-4db7-ba7a-250c66dcb3d1', '76df16ea-eec4-4b05-b4dd-dfe5269f12be', '2026-04-11T17:43:54.092Z');
INSERT INTO enrollments (id, user_id, course_id, enrolled_at) VALUES ('71df7178-e971-4f95-b7ab-3b3c12e99d50', '21ba86ec-298f-4cd0-8c03-2ed7d435b498', '76df16ea-eec4-4b05-b4dd-dfe5269f12be', '2026-04-11T17:43:54.092Z');
INSERT INTO enrollments (id, user_id, course_id, enrolled_at) VALUES ('63a3752f-58e1-4dc6-a32b-393536b3e860', 'f395aa36-65f6-4f22-9c2c-0159dce79df2', '76df16ea-eec4-4b05-b4dd-dfe5269f12be', '2026-04-11T17:43:54.092Z');
INSERT INTO enrollments (id, user_id, course_id, enrolled_at) VALUES ('aad67b95-4e29-41bc-b0ce-fef2b84ddb22', '5ec96b7f-ee9c-412a-bdc4-305a024a4274', '76df16ea-eec4-4b05-b4dd-dfe5269f12be', '2026-04-11T17:43:54.092Z');
INSERT INTO enrollments (id, user_id, course_id, enrolled_at) VALUES ('ea1f7cfc-61fd-4a12-923c-bdb94f0f55c2', 'a73cbcbf-b78e-4b02-a810-4a8457e49649', '76df16ea-eec4-4b05-b4dd-dfe5269f12be', '2026-04-11T17:43:54.092Z');
INSERT INTO enrollments (id, user_id, course_id, enrolled_at) VALUES ('debabbef-442e-43be-b38f-4bf6ddcca5a7', '53223528-dca3-48df-a55c-eea5cabfb1f1', '76df16ea-eec4-4b05-b4dd-dfe5269f12be', '2026-04-11T17:43:54.092Z');
INSERT INTO enrollments (id, user_id, course_id, enrolled_at) VALUES ('82a9372e-8b98-4f61-bc7e-8fdb0fed47f2', 'cc250604-9044-4904-b7db-e5b717ce4eb5', '76df16ea-eec4-4b05-b4dd-dfe5269f12be', '2026-04-11T17:43:54.092Z');
INSERT INTO enrollments (id, user_id, course_id, enrolled_at) VALUES ('20602992-64e6-41d5-9613-cdcc99d3098d', '58e33180-f345-4805-a171-8893f77e36b7', '76df16ea-eec4-4b05-b4dd-dfe5269f12be', '2026-04-11T17:43:54.092Z');
INSERT INTO enrollments (id, user_id, course_id, enrolled_at) VALUES ('b9331750-c19c-463e-aa1f-4d20c89b7a78', 'eb69c129-820f-46e6-ac11-83f772faea94', '76df16ea-eec4-4b05-b4dd-dfe5269f12be', '2026-04-11T17:43:54.092Z');
INSERT INTO enrollments (id, user_id, course_id, enrolled_at) VALUES ('3b75f7a7-a505-4cc7-8a89-42cdb07b1546', 'ab0bf204-c43e-49f8-9bd8-028adc8140af', '76df16ea-eec4-4b05-b4dd-dfe5269f12be', '2026-04-11T17:43:54.092Z');
INSERT INTO enrollments (id, user_id, course_id, enrolled_at) VALUES ('e3145d44-788f-466e-9204-49031cab0802', '5a6e1212-c31f-4db7-9500-5e74c40ba02e', '76df16ea-eec4-4b05-b4dd-dfe5269f12be', '2026-04-11T17:43:54.092Z');
INSERT INTO enrollments (id, user_id, course_id, enrolled_at) VALUES ('226ee790-a0bf-462e-aa19-b13f59b4df6a', 'f2b8f161-84da-46bc-8b97-a0bda5652120', '76df16ea-eec4-4b05-b4dd-dfe5269f12be', '2026-04-11T17:43:54.092Z');
INSERT INTO enrollments (id, user_id, course_id, enrolled_at) VALUES ('8015777b-1701-4c09-bc9f-0b977eb76cee', 'cdcde0d8-4182-4cbf-aac8-0c31256a1a9c', '76df16ea-eec4-4b05-b4dd-dfe5269f12be', '2026-04-11T17:43:54.092Z');
INSERT INTO enrollments (id, user_id, course_id, enrolled_at) VALUES ('8c08fdf6-4562-4043-a1c1-04e666ff8775', '6348fee0-2824-4ca1-a11a-50b6169a30e1', '5a5ba94f-a351-4010-abaa-12a45b309fca', '2026-04-11T17:43:54.094Z');
INSERT INTO enrollments (id, user_id, course_id, enrolled_at) VALUES ('8c1046f3-bfaf-492a-9b62-32a0df4fb8f2', '0f8d08d5-60ba-4db7-ba7a-250c66dcb3d1', '5a5ba94f-a351-4010-abaa-12a45b309fca', '2026-04-11T17:43:54.094Z');
INSERT INTO enrollments (id, user_id, course_id, enrolled_at) VALUES ('f917559f-318a-47c3-885e-be880c37c572', '21ba86ec-298f-4cd0-8c03-2ed7d435b498', '5a5ba94f-a351-4010-abaa-12a45b309fca', '2026-04-11T17:43:54.094Z');
INSERT INTO enrollments (id, user_id, course_id, enrolled_at) VALUES ('e88c7eb8-ccbc-4b4f-af95-85410637d823', 'f395aa36-65f6-4f22-9c2c-0159dce79df2', '5a5ba94f-a351-4010-abaa-12a45b309fca', '2026-04-11T17:43:54.094Z');
INSERT INTO enrollments (id, user_id, course_id, enrolled_at) VALUES ('46208b7d-3eb7-40ec-9930-3ee7af135923', '5ec96b7f-ee9c-412a-bdc4-305a024a4274', '5a5ba94f-a351-4010-abaa-12a45b309fca', '2026-04-11T17:43:54.094Z');
INSERT INTO enrollments (id, user_id, course_id, enrolled_at) VALUES ('c85715bd-c9b6-4dcf-904a-a93c55d59dd6', 'a73cbcbf-b78e-4b02-a810-4a8457e49649', '5a5ba94f-a351-4010-abaa-12a45b309fca', '2026-04-11T17:43:54.094Z');
INSERT INTO enrollments (id, user_id, course_id, enrolled_at) VALUES ('709aae93-ddc3-43f5-839e-18ce4c8fc271', '53223528-dca3-48df-a55c-eea5cabfb1f1', '5a5ba94f-a351-4010-abaa-12a45b309fca', '2026-04-11T17:43:54.094Z');
INSERT INTO enrollments (id, user_id, course_id, enrolled_at) VALUES ('4ecd90f3-7a78-4b58-9e90-0420907bdc3a', 'cc250604-9044-4904-b7db-e5b717ce4eb5', '5a5ba94f-a351-4010-abaa-12a45b309fca', '2026-04-11T17:43:54.094Z');
INSERT INTO enrollments (id, user_id, course_id, enrolled_at) VALUES ('7bde45f9-5b89-4da7-80dd-7ebe11612000', '58e33180-f345-4805-a171-8893f77e36b7', '5a5ba94f-a351-4010-abaa-12a45b309fca', '2026-04-11T17:43:54.094Z');
INSERT INTO enrollments (id, user_id, course_id, enrolled_at) VALUES ('336a4263-a460-4606-89cd-5b317add829f', 'eb69c129-820f-46e6-ac11-83f772faea94', '5a5ba94f-a351-4010-abaa-12a45b309fca', '2026-04-11T17:43:54.094Z');
INSERT INTO enrollments (id, user_id, course_id, enrolled_at) VALUES ('97d85c17-b865-46df-9c8f-6b523dde817b', 'ab0bf204-c43e-49f8-9bd8-028adc8140af', '5a5ba94f-a351-4010-abaa-12a45b309fca', '2026-04-11T17:43:54.094Z');
INSERT INTO enrollments (id, user_id, course_id, enrolled_at) VALUES ('ffeeea48-53a7-4c95-8c16-43e82ca63559', '5a6e1212-c31f-4db7-9500-5e74c40ba02e', '5a5ba94f-a351-4010-abaa-12a45b309fca', '2026-04-11T17:43:54.094Z');
INSERT INTO enrollments (id, user_id, course_id, enrolled_at) VALUES ('00132e48-a080-4bc1-80ed-d5a282b555f0', 'f2b8f161-84da-46bc-8b97-a0bda5652120', '5a5ba94f-a351-4010-abaa-12a45b309fca', '2026-04-11T17:43:54.094Z');
INSERT INTO enrollments (id, user_id, course_id, enrolled_at) VALUES ('89cd777e-e8b9-4a7e-b2e9-8b89170b787e', 'cdcde0d8-4182-4cbf-aac8-0c31256a1a9c', '5a5ba94f-a351-4010-abaa-12a45b309fca', '2026-04-11T17:43:54.094Z');
INSERT INTO enrollments (id, user_id, course_id, enrolled_at) VALUES ('b7143306-46e8-4704-bb4b-3abee54b8cc1', '6348fee0-2824-4ca1-a11a-50b6169a30e1', '7923479f-8ab9-4f85-9ae3-4e1bfd9a8db4', '2026-04-11T17:43:54.095Z');
INSERT INTO enrollments (id, user_id, course_id, enrolled_at) VALUES ('0035b630-1adf-4450-b562-1d950b655c0a', '21ba86ec-298f-4cd0-8c03-2ed7d435b498', '7923479f-8ab9-4f85-9ae3-4e1bfd9a8db4', '2026-04-11T17:43:54.095Z');
INSERT INTO enrollments (id, user_id, course_id, enrolled_at) VALUES ('53cff87a-4f3e-4f90-87a7-08855d5a0b00', 'f395aa36-65f6-4f22-9c2c-0159dce79df2', '7923479f-8ab9-4f85-9ae3-4e1bfd9a8db4', '2026-04-11T17:43:54.095Z');
INSERT INTO enrollments (id, user_id, course_id, enrolled_at) VALUES ('cfc4fefe-66bf-40c0-b9e9-bc075b2295ce', '5ec96b7f-ee9c-412a-bdc4-305a024a4274', '7923479f-8ab9-4f85-9ae3-4e1bfd9a8db4', '2026-04-11T17:43:54.095Z');
INSERT INTO enrollments (id, user_id, course_id, enrolled_at) VALUES ('94883657-145e-4a1d-800b-9127ab484732', 'a73cbcbf-b78e-4b02-a810-4a8457e49649', '7923479f-8ab9-4f85-9ae3-4e1bfd9a8db4', '2026-04-11T17:43:54.095Z');
INSERT INTO enrollments (id, user_id, course_id, enrolled_at) VALUES ('dfeae47a-9042-4b59-868b-39fdd1e0f514', '53223528-dca3-48df-a55c-eea5cabfb1f1', '7923479f-8ab9-4f85-9ae3-4e1bfd9a8db4', '2026-04-11T17:43:54.095Z');
INSERT INTO enrollments (id, user_id, course_id, enrolled_at) VALUES ('4990702c-14de-4964-8faa-ae5d0d3b5ec1', 'cc250604-9044-4904-b7db-e5b717ce4eb5', '7923479f-8ab9-4f85-9ae3-4e1bfd9a8db4', '2026-04-11T17:43:54.095Z');
INSERT INTO enrollments (id, user_id, course_id, enrolled_at) VALUES ('fa54b140-98ba-4101-ade2-6245ea93b23f', '58e33180-f345-4805-a171-8893f77e36b7', '7923479f-8ab9-4f85-9ae3-4e1bfd9a8db4', '2026-04-11T17:43:54.095Z');
INSERT INTO enrollments (id, user_id, course_id, enrolled_at) VALUES ('15197318-ac01-40de-b043-f8f60e5931be', 'eb69c129-820f-46e6-ac11-83f772faea94', '7923479f-8ab9-4f85-9ae3-4e1bfd9a8db4', '2026-04-11T17:43:54.095Z');
INSERT INTO enrollments (id, user_id, course_id, enrolled_at) VALUES ('11d6007c-379c-4ca7-b8d1-71b20d52b7a8', 'ab0bf204-c43e-49f8-9bd8-028adc8140af', '7923479f-8ab9-4f85-9ae3-4e1bfd9a8db4', '2026-04-11T17:43:54.095Z');
INSERT INTO enrollments (id, user_id, course_id, enrolled_at) VALUES ('cc8f2369-4097-4b63-9a59-2d3d98c4efe8', '5a6e1212-c31f-4db7-9500-5e74c40ba02e', '7923479f-8ab9-4f85-9ae3-4e1bfd9a8db4', '2026-04-11T17:43:54.095Z');
INSERT INTO enrollments (id, user_id, course_id, enrolled_at) VALUES ('e944b71e-5334-49c3-93a8-62b714e93571', 'f2b8f161-84da-46bc-8b97-a0bda5652120', '7923479f-8ab9-4f85-9ae3-4e1bfd9a8db4', '2026-04-11T17:43:54.095Z');
INSERT INTO enrollments (id, user_id, course_id, enrolled_at) VALUES ('124d1192-c663-428c-8903-cfe561d1b76b', 'cdcde0d8-4182-4cbf-aac8-0c31256a1a9c', '7923479f-8ab9-4f85-9ae3-4e1bfd9a8db4', '2026-04-11T17:43:54.095Z');
INSERT INTO enrollments (id, user_id, course_id, enrolled_at) VALUES ('274aeaa1-2bd7-4474-b9d5-0a5c2fe3af10', '6348fee0-2824-4ca1-a11a-50b6169a30e1', '43626711-8158-4b20-a838-660d80666582', '2026-04-11T17:43:54.096Z');
INSERT INTO enrollments (id, user_id, course_id, enrolled_at) VALUES ('ee7e00ee-9188-4805-93fe-77e4dc5412fe', '0f8d08d5-60ba-4db7-ba7a-250c66dcb3d1', '43626711-8158-4b20-a838-660d80666582', '2026-04-11T17:43:54.096Z');
INSERT INTO enrollments (id, user_id, course_id, enrolled_at) VALUES ('66ae5218-1d9d-4b46-85fc-57e88b89408d', '21ba86ec-298f-4cd0-8c03-2ed7d435b498', '43626711-8158-4b20-a838-660d80666582', '2026-04-11T17:43:54.096Z');
INSERT INTO enrollments (id, user_id, course_id, enrolled_at) VALUES ('c6079551-088f-4ac1-bb1e-844c4463d2be', '0f8d08d5-60ba-4db7-ba7a-250c66dcb3d1', '7923479f-8ab9-4f85-9ae3-4e1bfd9a8db4', '2026-04-11T07:35:50.762Z');
INSERT INTO enrollments (id, user_id, course_id, enrolled_at) VALUES ('ae73fc34-c836-4ac8-97ca-46a1e1d00818', 'f395aa36-65f6-4f22-9c2c-0159dce79df2', '43626711-8158-4b20-a838-660d80666582', '2026-04-11T17:43:54.096Z');
INSERT INTO enrollments (id, user_id, course_id, enrolled_at) VALUES ('21143f3a-9097-4d36-80b4-68088cd836cf', '5907bc79-25af-4f58-9132-5aa1682cf159', '7923479f-8ab9-4f85-9ae3-4e1bfd9a8db4', '2026-04-11T16:03:53.325Z');
INSERT INTO enrollments (id, user_id, course_id, enrolled_at) VALUES ('a2736d30-99a0-46ea-8aa7-88e41d7600b4', '5ec96b7f-ee9c-412a-bdc4-305a024a4274', '43626711-8158-4b20-a838-660d80666582', '2026-04-11T17:43:54.096Z');
INSERT INTO enrollments (id, user_id, course_id, enrolled_at) VALUES ('d341870f-4307-4a71-8cb7-b43912355951', 'a73cbcbf-b78e-4b02-a810-4a8457e49649', '43626711-8158-4b20-a838-660d80666582', '2026-04-11T17:43:54.096Z');
INSERT INTO enrollments (id, user_id, course_id, enrolled_at) VALUES ('31ee758e-d0dd-4d7a-9d00-dd32295a7117', '53223528-dca3-48df-a55c-eea5cabfb1f1', '43626711-8158-4b20-a838-660d80666582', '2026-04-11T17:43:54.096Z');
INSERT INTO enrollments (id, user_id, course_id, enrolled_at) VALUES ('5db14120-fc69-4a88-984b-78d6016cb494', 'cc250604-9044-4904-b7db-e5b717ce4eb5', '43626711-8158-4b20-a838-660d80666582', '2026-04-11T17:43:54.096Z');
INSERT INTO enrollments (id, user_id, course_id, enrolled_at) VALUES ('67991661-9fc9-4674-9234-82c32870ab63', '58e33180-f345-4805-a171-8893f77e36b7', '43626711-8158-4b20-a838-660d80666582', '2026-04-11T17:43:54.096Z');
INSERT INTO enrollments (id, user_id, course_id, enrolled_at) VALUES ('93f6fe26-5944-4aa2-994f-2cfb2cf14a1c', 'eb69c129-820f-46e6-ac11-83f772faea94', '43626711-8158-4b20-a838-660d80666582', '2026-04-11T17:43:54.096Z');
INSERT INTO enrollments (id, user_id, course_id, enrolled_at) VALUES ('ea2da16a-80e2-44f4-b2c2-e4687245a88e', 'ab0bf204-c43e-49f8-9bd8-028adc8140af', '43626711-8158-4b20-a838-660d80666582', '2026-04-11T17:43:54.096Z');
INSERT INTO enrollments (id, user_id, course_id, enrolled_at) VALUES ('e92d5d5b-681b-46b7-97aa-47019e82e5a5', '5a6e1212-c31f-4db7-9500-5e74c40ba02e', '43626711-8158-4b20-a838-660d80666582', '2026-04-11T17:43:54.096Z');
INSERT INTO enrollments (id, user_id, course_id, enrolled_at) VALUES ('e3aeba3d-07f7-4fbe-9647-8aa1d3964234', 'f2b8f161-84da-46bc-8b97-a0bda5652120', '43626711-8158-4b20-a838-660d80666582', '2026-04-11T17:43:54.096Z');
INSERT INTO enrollments (id, user_id, course_id, enrolled_at) VALUES ('0eefc008-d53a-4867-8dca-353605755a98', 'cdcde0d8-4182-4cbf-aac8-0c31256a1a9c', '43626711-8158-4b20-a838-660d80666582', '2026-04-11T17:43:54.096Z');
INSERT INTO enrollments (id, user_id, course_id, enrolled_at) VALUES ('fcec3bbc-fdb5-474f-a704-f84238f46357', '9c770d5e-8825-41ac-817a-998e8f193e9a', '7923479f-8ab9-4f85-9ae3-4e1bfd9a8db4', '2026-04-11T17:43:54.098Z');
INSERT INTO enrollments (id, user_id, course_id, enrolled_at) VALUES ('5120223c-c77f-416f-a65a-f971526b6596', 'df899d9c-5490-4215-a1da-96cc96f1db01', '7923479f-8ab9-4f85-9ae3-4e1bfd9a8db4', '2026-04-11T17:43:54.098Z');
INSERT INTO enrollments (id, user_id, course_id, enrolled_at) VALUES ('5fe91a79-6bd3-4d3c-9d19-14c62d64463b', '631e5237-54c8-4b0e-960d-ce1fdc6d872f', '7923479f-8ab9-4f85-9ae3-4e1bfd9a8db4', '2026-04-11T17:43:54.098Z');
INSERT INTO enrollments (id, user_id, course_id, enrolled_at) VALUES ('1a096d68-837a-4f81-af06-e6c161ec89c2', '3aa36d46-544a-4dba-b6e5-19398576069d', '7923479f-8ab9-4f85-9ae3-4e1bfd9a8db4', '2026-04-11T17:43:54.098Z');
INSERT INTO enrollments (id, user_id, course_id, enrolled_at) VALUES ('90fb9ce0-df61-4259-b6d2-f0201fcb189b', '6d331eab-78ad-45ef-a2f8-6cf6e8689e4c', '7923479f-8ab9-4f85-9ae3-4e1bfd9a8db4', '2026-04-11T17:43:54.098Z');
INSERT INTO enrollments (id, user_id, course_id, enrolled_at) VALUES ('9774d539-4d5d-40ad-bb85-f11f2ca4b85b', '976473a1-ec7d-4cba-ba4c-bfbba16ec600', '7923479f-8ab9-4f85-9ae3-4e1bfd9a8db4', '2026-04-11T17:43:54.098Z');
INSERT INTO enrollments (id, user_id, course_id, enrolled_at) VALUES ('bab30afc-0bac-4e53-b468-4f0636f9d93a', '1f211788-2eac-4043-9eaa-f64dd59768cf', '7923479f-8ab9-4f85-9ae3-4e1bfd9a8db4', '2026-04-11T17:43:54.098Z');
INSERT INTO enrollments (id, user_id, course_id, enrolled_at) VALUES ('96494666-b0fd-4b6d-a19d-7faeb009a7d7', 'e57f2932-7d9a-4bd9-80b3-8160b4f1bc30', '7923479f-8ab9-4f85-9ae3-4e1bfd9a8db4', '2026-04-11T17:43:54.098Z');
INSERT INTO enrollments (id, user_id, course_id, enrolled_at) VALUES ('5042e3f7-7224-44ec-a846-9f3ab481d6ea', '63105618-461b-49b3-9fd7-0f7e6787afe6', '7923479f-8ab9-4f85-9ae3-4e1bfd9a8db4', '2026-04-11T17:43:54.098Z');
INSERT INTO enrollments (id, user_id, course_id, enrolled_at) VALUES ('efa272cb-b0ec-4802-abe6-49a27dcc1224', 'ce049d6f-ba0e-4b76-b853-b93f65d6bfaf', '7923479f-8ab9-4f85-9ae3-4e1bfd9a8db4', '2026-04-11T17:43:54.098Z');
INSERT INTO enrollments (id, user_id, course_id, enrolled_at) VALUES ('953f9afd-9edb-4159-82e5-7ea891b8b8a6', 'b998be3a-0e53-4970-810d-493ca2b75d78', '7923479f-8ab9-4f85-9ae3-4e1bfd9a8db4', '2026-04-11T17:43:54.098Z');
INSERT INTO enrollments (id, user_id, course_id, enrolled_at) VALUES ('e0d31e28-1e50-4978-b527-ffa160a56356', 'b1917f93-ba9b-4c30-8d36-662cc9ada7b0', '7923479f-8ab9-4f85-9ae3-4e1bfd9a8db4', '2026-04-11T17:43:54.098Z');
INSERT INTO enrollments (id, user_id, course_id, enrolled_at) VALUES ('7a8dfe13-c586-466d-aadd-aa67538e83f2', '6e638f5f-f36b-4897-a0f0-09c1babb7f06', '7923479f-8ab9-4f85-9ae3-4e1bfd9a8db4', '2026-04-11T17:43:54.098Z');
INSERT INTO enrollments (id, user_id, course_id, enrolled_at) VALUES ('eedb07d9-f0b4-4336-8653-a502f197e670', '6fb12b3f-819c-4eda-af56-d19d1ac6382f', '7923479f-8ab9-4f85-9ae3-4e1bfd9a8db4', '2026-04-11T17:43:54.098Z');
INSERT INTO enrollments (id, user_id, course_id, enrolled_at) VALUES ('bbccb1b0-08c5-4dc9-abb1-b96f7ebe7370', 'cd4d12f0-390d-45f5-99a1-512c155fbf8d', '7923479f-8ab9-4f85-9ae3-4e1bfd9a8db4', '2026-04-11T17:43:54.098Z');
INSERT INTO enrollments (id, user_id, course_id, enrolled_at) VALUES ('0273c167-8e73-4a17-901f-8776cfe4f299', 'a51d818c-008b-4424-8c17-e1f03bb06f9f', '7923479f-8ab9-4f85-9ae3-4e1bfd9a8db4', '2026-04-26T08:22:22.939Z');

-- Data for table: materials
INSERT INTO materials (id, title, description, file_path, file_type, file_size_bytes, uploaded_by, created_at, updated_at, is_deleted, deleted_at, parent_id, type) VALUES ('19d5ee66-80ba-4118-b6ec-7350b5f649f0', 't', NULL, '', NULL, NULL, 'ac7400fc-0e97-4848-b386-dc69deab2271', '2026-04-17T15:54:29.842Z', '2026-04-17T15:54:29.842Z', false, NULL, NULL, 'folder');
INSERT INTO materials (id, title, description, file_path, file_type, file_size_bytes, uploaded_by, created_at, updated_at, is_deleted, deleted_at, parent_id, type) VALUES ('ad9a8c96-c081-44f1-a02d-9720a5b5601b', 'd', NULL, '', NULL, NULL, 'ac7400fc-0e97-4848-b386-dc69deab2271', '2026-04-17T17:35:25.695Z', '2026-04-17T17:35:25.695Z', false, NULL, NULL, 'folder');
INSERT INTO materials (id, title, description, file_path, file_type, file_size_bytes, uploaded_by, created_at, updated_at, is_deleted, deleted_at, parent_id, type) VALUES ('633e80e4-8b1f-4927-b5b1-143d2d634735', 'z', NULL, '', NULL, NULL, 'ac7400fc-0e97-4848-b386-dc69deab2271', '2026-04-17T17:35:45.949Z', '2026-04-17T17:35:45.949Z', false, NULL, NULL, 'folder');
INSERT INTO materials (id, title, description, file_path, file_type, file_size_bytes, uploaded_by, created_at, updated_at, is_deleted, deleted_at, parent_id, type) VALUES ('4aee5457-70e4-4752-8c4c-57bec7a74dd7', 'r', NULL, '', NULL, NULL, 'ac7400fc-0e97-4848-b386-dc69deab2271', '2026-04-17T17:40:36.473Z', '2026-04-17T17:40:36.473Z', false, NULL, '633e80e4-8b1f-4927-b5b1-143d2d634735', 'folder');
INSERT INTO materials (id, title, description, file_path, file_type, file_size_bytes, uploaded_by, created_at, updated_at, is_deleted, deleted_at, parent_id, type) VALUES ('bd7a26e7-f504-413f-bdf2-387dc8c6e3e7', 'Uploads', NULL, '', NULL, NULL, 'ac7400fc-0e97-4848-b386-dc69deab2271', '2026-04-17T15:49:14.291Z', '2026-04-17T15:49:14.291Z', false, NULL, NULL, 'folder');
INSERT INTO materials (id, title, description, file_path, file_type, file_size_bytes, uploaded_by, created_at, updated_at, is_deleted, deleted_at, parent_id, type) VALUES ('bc5b58d8-39e1-43dc-b1f4-23d45d9c6542', 'cd.txt', NULL, '/uploads/materials/1777719488855-35203515-cd.txt', 'application/octet-stream', '114', 'ac7400fc-0e97-4848-b386-dc69deab2271', '2026-05-02T08:58:08.867Z', '2026-05-02T08:58:08.867Z', true, '2026-05-02T09:27:33.605Z', 'bd7a26e7-f504-413f-bdf2-387dc8c6e3e7', 'file');
INSERT INTO materials (id, title, description, file_path, file_type, file_size_bytes, uploaded_by, created_at, updated_at, is_deleted, deleted_at, parent_id, type) VALUES ('c86a6fd7-e3bb-40ae-ba31-1847705b88a0', 'Presentation4.pptx', NULL, '/uploads/materials/1777718762542-373453897-Presentation4.pptx', 'application/octet-stream', '176569', 'ac7400fc-0e97-4848-b386-dc69deab2271', '2026-05-02T08:46:02.636Z', '2026-05-02T08:46:02.636Z', true, '2026-05-02T09:27:33.645Z', 'bd7a26e7-f504-413f-bdf2-387dc8c6e3e7', 'file');
INSERT INTO materials (id, title, description, file_path, file_type, file_size_bytes, uploaded_by, created_at, updated_at, is_deleted, deleted_at, parent_id, type) VALUES ('58d2d077-4e6d-4c23-98ef-53a718c0c3af', 'cd.txt', NULL, '/uploads/materials/1777718756677-823843034-cd.txt', 'application/octet-stream', '114', 'ac7400fc-0e97-4848-b386-dc69deab2271', '2026-05-02T08:45:56.681Z', '2026-05-02T08:45:56.681Z', true, '2026-05-02T09:27:33.722Z', 'bd7a26e7-f504-413f-bdf2-387dc8c6e3e7', 'file');
INSERT INTO materials (id, title, description, file_path, file_type, file_size_bytes, uploaded_by, created_at, updated_at, is_deleted, deleted_at, parent_id, type) VALUES ('bf397b71-152d-48f5-a55a-d0eefbfe8336', 'cd_1.txt', NULL, '/uploads/materials/1777720439851-192606519-cd.txt', 'application/octet-stream', '114', 'ac7400fc-0e97-4848-b386-dc69deab2271', '2026-05-02T09:13:59.874Z', '2026-05-02T09:13:59.874Z', true, '2026-05-02T09:27:33.886Z', 'bd7a26e7-f504-413f-bdf2-387dc8c6e3e7', 'file');
INSERT INTO materials (id, title, description, file_path, file_type, file_size_bytes, uploaded_by, created_at, updated_at, is_deleted, deleted_at, parent_id, type) VALUES ('db72ba7d-f43b-44ee-9520-5527a4830417', 'Presentation4.pptx', NULL, '/uploads/materials/1777719311920-389575804-Presentation4.pptx', 'application/octet-stream', '176569', 'ac7400fc-0e97-4848-b386-dc69deab2271', '2026-05-02T08:55:12.045Z', '2026-05-02T08:55:12.045Z', true, '2026-05-02T09:27:33.987Z', 'bd7a26e7-f504-413f-bdf2-387dc8c6e3e7', 'file');
INSERT INTO materials (id, title, description, file_path, file_type, file_size_bytes, uploaded_by, created_at, updated_at, is_deleted, deleted_at, parent_id, type) VALUES ('f501f966-631e-43fe-a1ce-4a7603029239', 'cd.txt', NULL, '/uploads/materials/1777998929825-329014590-cd.txt', 'octet-stream', '114', 'ac7400fc-0e97-4848-b386-dc69deab2271', '2026-05-05T14:35:29.836Z', '2026-05-05T14:35:29.836Z', false, NULL, 'bd7a26e7-f504-413f-bdf2-387dc8c6e3e7', 'file');
INSERT INTO materials (id, title, description, file_path, file_type, file_size_bytes, uploaded_by, created_at, updated_at, is_deleted, deleted_at, parent_id, type) VALUES ('914b0aa3-a033-4f0c-8a6f-0fd069443b1d', 'Presentation4.pptx', NULL, '/uploads/materials/1778071434542-697701414-Presentation4.pptx', 'octet-stream', '176569', 'ac7400fc-0e97-4848-b386-dc69deab2271', '2026-05-06T10:43:54.648Z', '2026-05-06T10:43:54.648Z', false, NULL, 'bd7a26e7-f504-413f-bdf2-387dc8c6e3e7', 'file');
INSERT INTO materials (id, title, description, file_path, file_type, file_size_bytes, uploaded_by, created_at, updated_at, is_deleted, deleted_at, parent_id, type) VALUES ('92e6aca1-253c-425f-8d86-c88d41f705ad', 'Explanation for Distributed Chat App.docx', NULL, '/uploads/materials/1778072416711-844744337-Explanation_for_Distributed_Chat_App.docx', 'application/octet-stream', '11304', 'ac7400fc-0e97-4848-b386-dc69deab2271', '2026-05-06T11:00:16.963Z', '2026-05-06T11:00:16.963Z', false, NULL, 'bd7a26e7-f504-413f-bdf2-387dc8c6e3e7', 'file');
INSERT INTO materials (id, title, description, file_path, file_type, file_size_bytes, uploaded_by, created_at, updated_at, is_deleted, deleted_at, parent_id, type) VALUES ('ffbcf07e-9c38-4d12-98c2-c78774d993aa', 'Chapter - 1 Introduction to Artificial Intellegence.ppt', NULL, '/uploads/materials/1778074488105-598226780-Chapter_-_1_Introduction_to_Artificial_Intellegence.ppt', 'application/octet-stream', '10799104', 'ac7400fc-0e97-4848-b386-dc69deab2271', '2026-05-06T11:35:08.834Z', '2026-05-06T11:35:08.834Z', false, NULL, 'bd7a26e7-f504-413f-bdf2-387dc8c6e3e7', 'file');
INSERT INTO materials (id, title, description, file_path, file_type, file_size_bytes, uploaded_by, created_at, updated_at, is_deleted, deleted_at, parent_id, type) VALUES ('bf26dd2e-887f-4d44-b52a-2f427d307b2e', 'Chapter - 2 Intelligent Agent.ppt', NULL, '/uploads/materials/1778074689473-833346078-Chapter_-_2_Intelligent_Agent.ppt', 'application/octet-stream', '990720', 'ac7400fc-0e97-4848-b386-dc69deab2271', '2026-05-06T11:38:11.377Z', '2026-05-06T11:38:11.377Z', false, NULL, 'bd7a26e7-f504-413f-bdf2-387dc8c6e3e7', 'file');
INSERT INTO materials (id, title, description, file_path, file_type, file_size_bytes, uploaded_by, created_at, updated_at, is_deleted, deleted_at, parent_id, type) VALUES ('e1539c4c-2cf7-4e75-8951-e8224ab34cd4', 'cd_1.txt', NULL, '/uploads/materials/1778075242119-165697741-cd.txt', 'application/octet-stream', '114', 'ac7400fc-0e97-4848-b386-dc69deab2271', '2026-05-06T11:47:22.242Z', '2026-05-06T11:47:22.242Z', false, NULL, 'bd7a26e7-f504-413f-bdf2-387dc8c6e3e7', 'file');
INSERT INTO materials (id, title, description, file_path, file_type, file_size_bytes, uploaded_by, created_at, updated_at, is_deleted, deleted_at, parent_id, type) VALUES ('cd5ca16b-5158-4929-8355-a361bcd60b6f', 'cd_2.txt', NULL, '/uploads/materials/1778651770351-424141077-cd.txt', 'application/octet-stream', '114', 'ac7400fc-0e97-4848-b386-dc69deab2271', '2026-05-13T05:56:10.472Z', '2026-05-13T05:56:10.472Z', false, NULL, 'bd7a26e7-f504-413f-bdf2-387dc8c6e3e7', 'file');

-- Data for table: material_shares
INSERT INTO material_shares (id, material_id, department_id, section, shared_at, course_id, chapter_id) VALUES ('741e0a67-bf8d-47ef-859c-fde6df1eed50', '58d2d077-4e6d-4c23-98ef-53a718c0c3af', NULL, NULL, '2026-05-02T08:45:56.691Z', '7923479f-8ab9-4f85-9ae3-4e1bfd9a8db4', NULL);
INSERT INTO material_shares (id, material_id, department_id, section, shared_at, course_id, chapter_id) VALUES ('73f9f9ae-6a98-4fb0-959f-dd07f4655d6a', 'c86a6fd7-e3bb-40ae-ba31-1847705b88a0', NULL, NULL, '2026-05-02T08:46:02.639Z', '7923479f-8ab9-4f85-9ae3-4e1bfd9a8db4', NULL);

-- Data for table: assignments
INSERT INTO assignments (id, course_id, title, description, file_path, due_date, is_group_assignment, created_by, created_at, updated_at) VALUES ('ecb54d44-6d9e-4e21-94f0-3d762f2156b3', '7923479f-8ab9-4f85-9ae3-4e1bfd9a8db4', 't1', '', NULL, '2026-05-06T00:18:00.000Z', true, 'ac7400fc-0e97-4848-b386-dc69deab2271', '2026-05-05T15:18:51.019Z', '2026-05-05T15:18:51.019Z');
INSERT INTO assignments (id, course_id, title, description, file_path, due_date, is_group_assignment, created_by, created_at, updated_at) VALUES ('5ec27c0b-eb65-4427-91ed-1b4d55c47b24', '7923479f-8ab9-4f85-9ae3-4e1bfd9a8db4', 'l', '', NULL, '2026-05-14T19:29:00.000Z', false, 'ac7400fc-0e97-4848-b386-dc69deab2271', '2026-05-06T10:29:19.176Z', '2026-05-06T10:29:19.176Z');

-- Data for table: groups
INSERT INTO groups (id, course_id, name, created_at, updated_at, department_id, section, batch_name, method) VALUES ('5259f1b4-3242-4385-8795-d116fb00b4c1', '7923479f-8ab9-4f85-9ae3-4e1bfd9a8db4', 'b - 1', '2026-05-02T08:25:54.803Z', '2026-05-02T08:25:54.803Z', '1365b1cf-a55c-41c2-bd35-50fa33a1063a', 'B', 'b', 'Alphabetic');
INSERT INTO groups (id, course_id, name, created_at, updated_at, department_id, section, batch_name, method) VALUES ('375b158d-9133-47ea-8acd-b222925db585', '7923479f-8ab9-4f85-9ae3-4e1bfd9a8db4', 'b - 2', '2026-05-02T08:25:54.803Z', '2026-05-02T08:25:54.803Z', '1365b1cf-a55c-41c2-bd35-50fa33a1063a', 'B', 'b', 'Alphabetic');
INSERT INTO groups (id, course_id, name, created_at, updated_at, department_id, section, batch_name, method) VALUES ('9a3203b3-6d81-462c-b5f3-ecea5d285155', '7923479f-8ab9-4f85-9ae3-4e1bfd9a8db4', 'b - 3', '2026-05-02T08:25:54.803Z', '2026-05-02T08:25:54.803Z', '1365b1cf-a55c-41c2-bd35-50fa33a1063a', 'B', 'b', 'Alphabetic');
INSERT INTO groups (id, course_id, name, created_at, updated_at, department_id, section, batch_name, method) VALUES ('ca4fe245-84c8-440e-bc12-14f0ac4e545a', '7923479f-8ab9-4f85-9ae3-4e1bfd9a8db4', 'a - 1', '2026-05-02T10:36:19.256Z', '2026-05-02T10:36:19.256Z', '1365b1cf-a55c-41c2-bd35-50fa33a1063a', 'A', 'a', 'Alphabetic');
INSERT INTO groups (id, course_id, name, created_at, updated_at, department_id, section, batch_name, method) VALUES ('178a9068-ae41-4667-989c-762373441637', '7923479f-8ab9-4f85-9ae3-4e1bfd9a8db4', 'a - 2', '2026-05-02T10:36:19.256Z', '2026-05-02T10:36:19.256Z', '1365b1cf-a55c-41c2-bd35-50fa33a1063a', 'A', 'a', 'Alphabetic');
INSERT INTO groups (id, course_id, name, created_at, updated_at, department_id, section, batch_name, method) VALUES ('ea2d8724-e8cc-4547-bcd2-bab05fb12540', '7923479f-8ab9-4f85-9ae3-4e1bfd9a8db4', 'a - 3', '2026-05-02T10:36:19.256Z', '2026-05-02T10:36:19.256Z', '1365b1cf-a55c-41c2-bd35-50fa33a1063a', 'A', 'a', 'Alphabetic');

-- Data for table: group_members
INSERT INTO group_members (id, group_id, user_id, joined_at) VALUES ('36144809-a11b-417d-955f-c41197b6c7ce', '5259f1b4-3242-4385-8795-d116fb00b4c1', '5ec96b7f-ee9c-412a-bdc4-305a024a4274', '2026-05-02T08:25:54.803Z');
INSERT INTO group_members (id, group_id, user_id, joined_at) VALUES ('c5312715-a7f2-4a28-8ddb-1ea17a579949', '5259f1b4-3242-4385-8795-d116fb00b4c1', '58e33180-f345-4805-a171-8893f77e36b7', '2026-05-02T08:25:54.803Z');
INSERT INTO group_members (id, group_id, user_id, joined_at) VALUES ('1591f281-7c5f-4343-a05f-21d0161fcfc2', '5259f1b4-3242-4385-8795-d116fb00b4c1', 'eb69c129-820f-46e6-ac11-83f772faea94', '2026-05-02T08:25:54.803Z');
INSERT INTO group_members (id, group_id, user_id, joined_at) VALUES ('bf773781-343f-47b7-bca1-a4a39b0dbe5f', '5259f1b4-3242-4385-8795-d116fb00b4c1', 'f2b8f161-84da-46bc-8b97-a0bda5652120', '2026-05-02T08:25:54.803Z');
INSERT INTO group_members (id, group_id, user_id, joined_at) VALUES ('2811fd1e-0e72-4dcf-a6fe-345fac277c12', '375b158d-9133-47ea-8acd-b222925db585', 'a73cbcbf-b78e-4b02-a810-4a8457e49649', '2026-05-02T08:25:54.803Z');
INSERT INTO group_members (id, group_id, user_id, joined_at) VALUES ('e64aad1d-3033-4ad6-b8c9-76ef78bf02d2', '375b158d-9133-47ea-8acd-b222925db585', 'cc250604-9044-4904-b7db-e5b717ce4eb5', '2026-05-02T08:25:54.803Z');
INSERT INTO group_members (id, group_id, user_id, joined_at) VALUES ('47784fdb-e9b1-42c7-9d75-9183861a9ed0', '375b158d-9133-47ea-8acd-b222925db585', 'ab0bf204-c43e-49f8-9bd8-028adc8140af', '2026-05-02T08:25:54.803Z');
INSERT INTO group_members (id, group_id, user_id, joined_at) VALUES ('e7229c63-91c9-4298-bf69-a728479107c9', '375b158d-9133-47ea-8acd-b222925db585', '21ba86ec-298f-4cd0-8c03-2ed7d435b498', '2026-05-02T08:25:54.803Z');
INSERT INTO group_members (id, group_id, user_id, joined_at) VALUES ('3fc0cc64-59eb-4d36-8ee3-8c75c122b835', '375b158d-9133-47ea-8acd-b222925db585', '53223528-dca3-48df-a55c-eea5cabfb1f1', '2026-05-02T08:25:54.803Z');
INSERT INTO group_members (id, group_id, user_id, joined_at) VALUES ('194d25e8-7137-45f9-b5ce-5f684ad92626', '9a3203b3-6d81-462c-b5f3-ecea5d285155', 'cdcde0d8-4182-4cbf-aac8-0c31256a1a9c', '2026-05-02T08:25:54.803Z');
INSERT INTO group_members (id, group_id, user_id, joined_at) VALUES ('bcddf6bf-b070-47bc-9a8c-b8bf8065d2e4', '9a3203b3-6d81-462c-b5f3-ecea5d285155', '5a6e1212-c31f-4db7-9500-5e74c40ba02e', '2026-05-02T08:25:54.803Z');
INSERT INTO group_members (id, group_id, user_id, joined_at) VALUES ('d340475a-ec33-4b1e-ae3e-d461741e49d2', '9a3203b3-6d81-462c-b5f3-ecea5d285155', 'f395aa36-65f6-4f22-9c2c-0159dce79df2', '2026-05-02T08:25:54.803Z');
INSERT INTO group_members (id, group_id, user_id, joined_at) VALUES ('18f64fda-fbfb-4adb-8cf8-91b49434c566', 'ca4fe245-84c8-440e-bc12-14f0ac4e545a', 'c2eb78b7-3404-4b01-bc19-dfe383979fa9', '2026-05-02T10:36:19.256Z');
INSERT INTO group_members (id, group_id, user_id, joined_at) VALUES ('c64002ae-c5c6-4909-aff0-52ab7edd798a', 'ca4fe245-84c8-440e-bc12-14f0ac4e545a', '46e9b692-3ba3-4e0a-a2de-8822cd75e6fe', '2026-05-02T10:36:19.256Z');
INSERT INTO group_members (id, group_id, user_id, joined_at) VALUES ('d38b43f0-18a6-40a8-b207-94c977ccf113', 'ca4fe245-84c8-440e-bc12-14f0ac4e545a', '015ad799-8836-423a-81d7-bcc85a98671e', '2026-05-02T10:36:19.256Z');
INSERT INTO group_members (id, group_id, user_id, joined_at) VALUES ('c5746737-3205-4516-b451-f9b44fc30228', 'ca4fe245-84c8-440e-bc12-14f0ac4e545a', '18ee7c7e-e5ea-47c2-87e1-580c3ec0543f', '2026-05-02T10:36:19.256Z');
INSERT INTO group_members (id, group_id, user_id, joined_at) VALUES ('d263aa7f-9a29-4ef1-ab17-05e6db98acfe', 'ca4fe245-84c8-440e-bc12-14f0ac4e545a', 'de2911e3-feff-4d00-8425-8a1dcbdca10b', '2026-05-02T10:36:19.256Z');
INSERT INTO group_members (id, group_id, user_id, joined_at) VALUES ('85d05a2c-e64d-4470-83ec-6615d2cfdfff', '178a9068-ae41-4667-989c-762373441637', 'db370554-78c7-4321-97db-26ad74ad1f80', '2026-05-02T10:36:19.256Z');
INSERT INTO group_members (id, group_id, user_id, joined_at) VALUES ('bbfb122b-4098-400f-a8a2-7a5820c4c0a3', '178a9068-ae41-4667-989c-762373441637', '7a6c09d5-cd99-4209-8d05-2368e0bdb573', '2026-05-02T10:36:19.256Z');
INSERT INTO group_members (id, group_id, user_id, joined_at) VALUES ('987991cd-f65e-4874-aa08-a3430c5c2927', '178a9068-ae41-4667-989c-762373441637', '27babcde-1751-4b51-a4bf-92e1db63313d', '2026-05-02T10:36:19.256Z');
INSERT INTO group_members (id, group_id, user_id, joined_at) VALUES ('1c1d4207-3ca2-4746-8a0b-34e6f467e080', '178a9068-ae41-4667-989c-762373441637', 'a0d6d9a0-43b2-4d2b-90e5-055e207a177d', '2026-05-02T10:36:19.256Z');
INSERT INTO group_members (id, group_id, user_id, joined_at) VALUES ('e7207051-4cda-4360-b58d-0b1dc9f8c42b', '178a9068-ae41-4667-989c-762373441637', '0603747f-ec9f-4597-ad79-dd84f5e2e7e8', '2026-05-02T10:36:19.256Z');
INSERT INTO group_members (id, group_id, user_id, joined_at) VALUES ('2a0b2238-40b3-43e5-bda5-d4cc35b60294', 'ea2d8724-e8cc-4547-bcd2-bab05fb12540', 'b902c402-0c59-4d7a-bbbd-9bdf73fe4ed6', '2026-05-02T10:36:19.256Z');
INSERT INTO group_members (id, group_id, user_id, joined_at) VALUES ('85ebdd15-24b6-43fc-99e2-a6e4004c94de', 'ea2d8724-e8cc-4547-bcd2-bab05fb12540', '127b2631-2ee4-4583-9d83-dc3ea80de3df', '2026-05-02T10:36:19.256Z');
INSERT INTO group_members (id, group_id, user_id, joined_at) VALUES ('67a1017b-40f2-4f6c-9fea-225380e6d0b9', 'ea2d8724-e8cc-4547-bcd2-bab05fb12540', '6bb11349-8e38-4a9a-9e60-b2e6be70ec10', '2026-05-02T10:36:19.256Z');
INSERT INTO group_members (id, group_id, user_id, joined_at) VALUES ('ebc7b36c-8052-4cf3-8923-5ec4d34a9a44', 'ea2d8724-e8cc-4547-bcd2-bab05fb12540', '70703377-9aac-489d-8047-f425772d741f', '2026-05-02T10:36:19.256Z');

-- Data for table: submissions
INSERT INTO submissions (id, assignment_id, user_id, group_id, file_path, submission_date, is_late, grade, feedback, graded_by, graded_at) VALUES ('486f4757-3dcb-44a1-ba9c-140a019ed335', '5ec27c0b-eb65-4427-91ed-1b4d55c47b24', 'de2911e3-feff-4d00-8425-8a1dcbdca10b', NULL, '/uploads/assessments/1778092267184-782446231-t1.txt', '2026-05-06T16:31:07.370Z', false, NULL, NULL, NULL, NULL);

-- Data for table: announcements
INSERT INTO announcements (id, course_id, title, content, posted_by, created_at, updated_at, section, attachments) VALUES ('6684d0ec-62e3-4d46-b70d-72030eb75580', '7923479f-8ab9-4f85-9ae3-4e1bfd9a8db4', 'test', 'absjoe ejsljlfj lejjo', 'ac7400fc-0e97-4848-b386-dc69deab2271', '2026-04-25T07:01:43.767Z', '2026-04-25T07:01:43.767Z', NULL, '["5ff70288-8c39-470e-b9bf-7ee75a542df3","6e411115-7a1c-4f1e-9609-de60ac50e874"]');
INSERT INTO announcements (id, course_id, title, content, posted_by, created_at, updated_at, section, attachments) VALUES ('6f0cb3d0-7456-4508-9b56-ac01b778a456', '7923479f-8ab9-4f85-9ae3-4e1bfd9a8db4', 'j', 'lo', 'ac7400fc-0e97-4848-b386-dc69deab2271', '2026-04-25T07:17:33.807Z', '2026-04-25T07:17:33.807Z', NULL, '["31c2c70c-841b-40f9-b4a6-bbd185765a02"]');
INSERT INTO announcements (id, course_id, title, content, posted_by, created_at, updated_at, section, attachments) VALUES ('4387391b-a240-4973-bf71-a57e32b46542', '7923479f-8ab9-4f85-9ae3-4e1bfd9a8db4', 'j', 'l', 'ac7400fc-0e97-4848-b386-dc69deab2271', '2026-04-25T07:26:16.429Z', '2026-04-25T07:26:16.429Z', NULL, '["5ff70288-8c39-470e-b9bf-7ee75a542df3"]');

-- Data for table: activity_logs
INSERT INTO activity_logs (id, user_id, action, entity_id, entity_type, ip_address, created_at) VALUES ('1ff5fe27-47aa-44d8-9c29-855f0e62d048', 'ac7400fc-0e97-4848-b386-dc69deab2271', 'LOGIN', NULL, 'user', NULL, '2026-04-26T13:52:06.155Z');
INSERT INTO activity_logs (id, user_id, action, entity_id, entity_type, ip_address, created_at) VALUES ('d5c45163-19a7-4938-b3d4-5bf394247987', 'de2911e3-feff-4d00-8425-8a1dcbdca10b', 'LOGIN', NULL, 'user', NULL, '2026-05-02T07:49:06.228Z');
INSERT INTO activity_logs (id, user_id, action, entity_id, entity_type, ip_address, created_at) VALUES ('1957a205-9889-4034-86cf-e5dc66faf82c', 'ac7400fc-0e97-4848-b386-dc69deab2271', 'LOGIN', NULL, 'user', NULL, '2026-05-02T08:24:40.068Z');
INSERT INTO activity_logs (id, user_id, action, entity_id, entity_type, ip_address, created_at) VALUES ('5f08ca9e-1279-4cc7-b143-b160ab1be0c5', 'ac7400fc-0e97-4848-b386-dc69deab2271', 'UPLOAD_MATERIAL', 'dc64bfdf-6c25-4486-ba28-ae89ae9ba4de', 'material', NULL, '2026-05-02T08:45:07.560Z');
INSERT INTO activity_logs (id, user_id, action, entity_id, entity_type, ip_address, created_at) VALUES ('bcfb43c3-1696-4f25-9ddd-4237bec04ec4', 'ac7400fc-0e97-4848-b386-dc69deab2271', 'UPLOAD_MATERIAL', '58d2d077-4e6d-4c23-98ef-53a718c0c3af', 'material', NULL, '2026-05-02T08:45:56.692Z');
INSERT INTO activity_logs (id, user_id, action, entity_id, entity_type, ip_address, created_at) VALUES ('cab4aab0-1a9e-48c5-b640-b676ccc90f96', 'ac7400fc-0e97-4848-b386-dc69deab2271', 'UPLOAD_MATERIAL', 'c86a6fd7-e3bb-40ae-ba31-1847705b88a0', 'material', NULL, '2026-05-02T08:46:02.641Z');
INSERT INTO activity_logs (id, user_id, action, entity_id, entity_type, ip_address, created_at) VALUES ('ecdc9b37-fdb9-444f-83a7-85cb2747adb0', 'ac7400fc-0e97-4848-b386-dc69deab2271', 'UPLOAD_MATERIAL', 'db72ba7d-f43b-44ee-9520-5527a4830417', 'material', NULL, '2026-05-02T08:55:12.050Z');
INSERT INTO activity_logs (id, user_id, action, entity_id, entity_type, ip_address, created_at) VALUES ('0f9c6b79-594a-4bfb-b049-dd7c5d58b13f', 'ac7400fc-0e97-4848-b386-dc69deab2271', 'UPLOAD_MATERIAL', 'bc5b58d8-39e1-43dc-b1f4-23d45d9c6542', 'material', NULL, '2026-05-02T08:58:08.870Z');
INSERT INTO activity_logs (id, user_id, action, entity_id, entity_type, ip_address, created_at) VALUES ('9f87567b-d88b-48e0-a3ca-8c1a994603ce', 'ac7400fc-0e97-4848-b386-dc69deab2271', 'UPLOAD_MATERIAL', 'bf397b71-152d-48f5-a55a-d0eefbfe8336', 'material', NULL, '2026-05-02T09:13:59.877Z');
INSERT INTO activity_logs (id, user_id, action, entity_id, entity_type, ip_address, created_at) VALUES ('29dd4465-65be-45c4-869e-2984673578e3', 'de2911e3-feff-4d00-8425-8a1dcbdca10b', 'LOGIN', NULL, 'user', NULL, '2026-05-02T09:28:42.638Z');
INSERT INTO activity_logs (id, user_id, action, entity_id, entity_type, ip_address, created_at) VALUES ('6c07b2ae-a5da-49c1-b1ab-80b3b04ec8e7', 'cb92c62b-b095-4cef-b889-7fb2f3cee9ad', 'DELETE_USER', '6348fee0-2824-4ca1-a11a-50b6169a30e1', 'user', NULL, '2026-05-02T09:45:05.974Z');
INSERT INTO activity_logs (id, user_id, action, entity_id, entity_type, ip_address, created_at) VALUES ('d74b8121-cfbf-477a-8ea2-0fa4e252d03f', 'cb92c62b-b095-4cef-b889-7fb2f3cee9ad', 'DELETE_USER', 'a51d818c-008b-4424-8c17-e1f03bb06f9f', 'user', NULL, '2026-05-02T09:51:18.920Z');
INSERT INTO activity_logs (id, user_id, action, entity_id, entity_type, ip_address, created_at) VALUES ('5bf27c5d-64df-407e-8fdc-0c9653f309a8', 'cc250604-9044-4904-b7db-e5b717ce4eb5', 'LOGIN', NULL, 'user', NULL, '2026-05-02T09:53:27.446Z');
INSERT INTO activity_logs (id, user_id, action, entity_id, entity_type, ip_address, created_at) VALUES ('8000c3f0-d626-47c1-a703-659f9ca66de5', 'ac7400fc-0e97-4848-b386-dc69deab2271', 'LOGIN', NULL, 'user', NULL, '2026-05-02T10:35:42.228Z');
INSERT INTO activity_logs (id, user_id, action, entity_id, entity_type, ip_address, created_at) VALUES ('fccf6495-2e44-495c-98cc-ce339046d3a4', 'ac7400fc-0e97-4848-b386-dc69deab2271', 'LOGIN', NULL, 'user', NULL, '2026-05-02T10:45:01.550Z');
INSERT INTO activity_logs (id, user_id, action, entity_id, entity_type, ip_address, created_at) VALUES ('427346b8-b878-484a-ad85-101fa6019070', 'ac7400fc-0e97-4848-b386-dc69deab2271', 'UPLOAD_MATERIAL', 'f501f966-631e-43fe-a1ce-4a7603029239', 'material', NULL, '2026-05-05T14:35:29.856Z');
INSERT INTO activity_logs (id, user_id, action, entity_id, entity_type, ip_address, created_at) VALUES ('8fb4e4d6-4d2c-4a24-a6fc-17257be46423', 'ac7400fc-0e97-4848-b386-dc69deab2271', 'CREATE_ASSIGNMENT', 'ecb54d44-6d9e-4e21-94f0-3d762f2156b3', 'assignment', NULL, '2026-05-05T15:18:51.034Z');
INSERT INTO activity_logs (id, user_id, action, entity_id, entity_type, ip_address, created_at) VALUES ('8ac1fdb0-6f68-40ba-b131-e92f2ba6a56f', 'de2911e3-feff-4d00-8425-8a1dcbdca10b', 'LOGIN', NULL, 'user', NULL, '2026-05-05T15:22:05.279Z');
INSERT INTO activity_logs (id, user_id, action, entity_id, entity_type, ip_address, created_at) VALUES ('cadaf81c-c753-41ee-a898-23080174bbe0', 'cb92c62b-b095-4cef-b889-7fb2f3cee9ad', 'LOGIN', NULL, 'user', NULL, '2026-05-06T06:49:50.667Z');
INSERT INTO activity_logs (id, user_id, action, entity_id, entity_type, ip_address, created_at) VALUES ('ace4d867-5db9-4dee-813f-19c593f5e6c5', 'ac7400fc-0e97-4848-b386-dc69deab2271', 'LOGIN', NULL, 'user', NULL, '2026-05-06T10:27:45.139Z');
INSERT INTO activity_logs (id, user_id, action, entity_id, entity_type, ip_address, created_at) VALUES ('959a5476-f488-4259-8a14-00ed2c98dc01', 'ac7400fc-0e97-4848-b386-dc69deab2271', 'CREATE_ASSIGNMENT', '5ec27c0b-eb65-4427-91ed-1b4d55c47b24', 'assignment', NULL, '2026-05-06T10:29:19.184Z');
INSERT INTO activity_logs (id, user_id, action, entity_id, entity_type, ip_address, created_at) VALUES ('60a28162-1c59-412b-a01c-14ec89a24997', 'de2911e3-feff-4d00-8425-8a1dcbdca10b', 'LOGIN', NULL, 'user', NULL, '2026-05-06T10:29:51.890Z');
INSERT INTO activity_logs (id, user_id, action, entity_id, entity_type, ip_address, created_at) VALUES ('8c17bf79-099b-43a6-bf91-b98790a43c85', 'ac7400fc-0e97-4848-b386-dc69deab2271', 'LOGIN', NULL, 'user', NULL, '2026-05-06T10:33:37.681Z');
INSERT INTO activity_logs (id, user_id, action, entity_id, entity_type, ip_address, created_at) VALUES ('0dbbb40e-9829-42fb-b734-7ed8a2ed0e45', 'ac7400fc-0e97-4848-b386-dc69deab2271', 'UPLOAD_MATERIAL', '914b0aa3-a033-4f0c-8a6f-0fd069443b1d', 'material', NULL, '2026-05-06T10:43:54.653Z');
INSERT INTO activity_logs (id, user_id, action, entity_id, entity_type, ip_address, created_at) VALUES ('417cf730-c007-4cfa-ab46-a5c1bda8d5ae', 'ac7400fc-0e97-4848-b386-dc69deab2271', 'UPLOAD_MATERIAL', '92e6aca1-253c-425f-8d86-c88d41f705ad', 'material', NULL, '2026-05-06T11:00:16.969Z');
INSERT INTO activity_logs (id, user_id, action, entity_id, entity_type, ip_address, created_at) VALUES ('b8725a27-e55f-4f0c-805f-1e9d48e366cb', 'ac7400fc-0e97-4848-b386-dc69deab2271', 'UPLOAD_MATERIAL', 'ffbcf07e-9c38-4d12-98c2-c78774d993aa', 'material', NULL, '2026-05-06T11:35:08.866Z');
INSERT INTO activity_logs (id, user_id, action, entity_id, entity_type, ip_address, created_at) VALUES ('e8adf504-d247-47c5-8926-1d32b59ee55f', 'ac7400fc-0e97-4848-b386-dc69deab2271', 'UPLOAD_MATERIAL', 'bf26dd2e-887f-4d44-b52a-2f427d307b2e', 'material', NULL, '2026-05-06T11:38:11.383Z');
INSERT INTO activity_logs (id, user_id, action, entity_id, entity_type, ip_address, created_at) VALUES ('9340edaa-1446-4e8e-a888-e1579b8d4d07', 'ac7400fc-0e97-4848-b386-dc69deab2271', 'UPLOAD_MATERIAL', 'e1539c4c-2cf7-4e75-8951-e8224ab34cd4', 'material', NULL, '2026-05-06T11:47:22.248Z');
INSERT INTO activity_logs (id, user_id, action, entity_id, entity_type, ip_address, created_at) VALUES ('17f8b8ab-9924-46a8-ae11-3e49057ecdcd', 'ac7400fc-0e97-4848-b386-dc69deab2271', 'DELETE_MATERIAL', 'dc64bfdf-6c25-4486-ba28-ae89ae9ba4de', 'material', NULL, '2026-05-06T11:47:48.310Z');
INSERT INTO activity_logs (id, user_id, action, entity_id, entity_type, ip_address, created_at) VALUES ('12ee91c5-c3e0-4a37-9a2e-1c90a91fb448', 'de2911e3-feff-4d00-8425-8a1dcbdca10b', 'LOGIN', NULL, 'user', NULL, '2026-05-06T13:23:49.962Z');
INSERT INTO activity_logs (id, user_id, action, entity_id, entity_type, ip_address, created_at) VALUES ('6eb29344-277e-463e-92d2-0b0e32e1166f', 'de2911e3-feff-4d00-8425-8a1dcbdca10b', 'SUBMIT_ASSIGNMENT', '486f4757-3dcb-44a1-ba9c-140a019ed335', 'submission', NULL, '2026-05-06T16:31:07.422Z');
INSERT INTO activity_logs (id, user_id, action, entity_id, entity_type, ip_address, created_at) VALUES ('9adbad41-0b72-4651-9997-88bfba379a48', 'ac7400fc-0e97-4848-b386-dc69deab2271', 'LOGIN', NULL, 'user', NULL, '2026-05-06T19:02:09.506Z');
INSERT INTO activity_logs (id, user_id, action, entity_id, entity_type, ip_address, created_at) VALUES ('f3a69658-27d6-4c63-8325-1203cd3e30e9', 'cb92c62b-b095-4cef-b889-7fb2f3cee9ad', 'ENABLE_USER', 'de2911e3-feff-4d00-8425-8a1dcbdca10b', 'user', NULL, '2026-05-09T11:45:13.058Z');
INSERT INTO activity_logs (id, user_id, action, entity_id, entity_type, ip_address, created_at) VALUES ('f86249a1-1279-4520-ac27-e495765c0de3', 'cb92c62b-b095-4cef-b889-7fb2f3cee9ad', 'DISABLE_USER', 'de2911e3-feff-4d00-8425-8a1dcbdca10b', 'user', NULL, '2026-05-09T11:45:14.223Z');
INSERT INTO activity_logs (id, user_id, action, entity_id, entity_type, ip_address, created_at) VALUES ('e7162158-ae00-4bad-8646-006064897b07', 'cb92c62b-b095-4cef-b889-7fb2f3cee9ad', 'ENABLE_USER', 'de2911e3-feff-4d00-8425-8a1dcbdca10b', 'user', NULL, '2026-05-09T11:45:15.755Z');
INSERT INTO activity_logs (id, user_id, action, entity_id, entity_type, ip_address, created_at) VALUES ('abd5b463-8544-4e7a-9b10-84db745ff38e', 'ac7400fc-0e97-4848-b386-dc69deab2271', 'HEARTBEAT', NULL, 'user', '::ffff:127.0.0.1', '2026-05-09T12:12:12.748Z');
INSERT INTO activity_logs (id, user_id, action, entity_id, entity_type, ip_address, created_at) VALUES ('a2413040-e85f-4d44-8c8d-37ddee22e82f', 'cb92c62b-b095-4cef-b889-7fb2f3cee9ad', 'HEARTBEAT', NULL, 'user', '::1', '2026-05-09T12:13:46.162Z');
INSERT INTO activity_logs (id, user_id, action, entity_id, entity_type, ip_address, created_at) VALUES ('89e44071-5a67-45c8-aade-d8a17b79b7c3', 'ac7400fc-0e97-4848-b386-dc69deab2271', 'HEARTBEAT', NULL, 'user', '::ffff:127.0.0.1', '2026-05-09T12:22:42.649Z');
INSERT INTO activity_logs (id, user_id, action, entity_id, entity_type, ip_address, created_at) VALUES ('5d9e2371-1416-4e42-bea6-5b89e0a16895', 'ac7400fc-0e97-4848-b386-dc69deab2271', 'HEARTBEAT', NULL, 'user', '::ffff:127.0.0.1', '2026-05-09T12:33:12.635Z');
INSERT INTO activity_logs (id, user_id, action, entity_id, entity_type, ip_address, created_at) VALUES ('c1495f26-e16a-4047-a296-9730a8017ff3', 'ac7400fc-0e97-4848-b386-dc69deab2271', 'HEARTBEAT', NULL, 'user', '::ffff:127.0.0.1', '2026-05-09T12:43:12.639Z');
INSERT INTO activity_logs (id, user_id, action, entity_id, entity_type, ip_address, created_at) VALUES ('9a2476b1-a111-410c-aba6-9da7e75fa58c', 'ac7400fc-0e97-4848-b386-dc69deab2271', 'HEARTBEAT', NULL, 'user', '::ffff:127.0.0.1', '2026-05-09T12:53:12.647Z');
INSERT INTO activity_logs (id, user_id, action, entity_id, entity_type, ip_address, created_at) VALUES ('ff6d2f51-82ea-42dc-9b3a-0da38cd1e2d3', 'ac7400fc-0e97-4848-b386-dc69deab2271', 'HEARTBEAT', NULL, 'user', '::ffff:127.0.0.1', '2026-05-09T13:03:12.713Z');
INSERT INTO activity_logs (id, user_id, action, entity_id, entity_type, ip_address, created_at) VALUES ('24aa8902-3fd2-403e-9141-ce6c44ad585d', 'ac7400fc-0e97-4848-b386-dc69deab2271', 'HEARTBEAT', NULL, 'user', '::ffff:127.0.0.1', '2026-05-09T13:13:42.636Z');
INSERT INTO activity_logs (id, user_id, action, entity_id, entity_type, ip_address, created_at) VALUES ('b52ec6a1-ab87-41f3-ac2f-65d760cffae0', 'ac7400fc-0e97-4848-b386-dc69deab2271', 'HEARTBEAT', NULL, 'user', '::ffff:127.0.0.1', '2026-05-09T13:39:25.493Z');
INSERT INTO activity_logs (id, user_id, action, entity_id, entity_type, ip_address, created_at) VALUES ('12c28010-1d22-4a3a-bd9d-3d5f2570f867', 'ac7400fc-0e97-4848-b386-dc69deab2271', 'HEARTBEAT', NULL, 'user', '::ffff:127.0.0.1', '2026-05-09T13:49:54.727Z');
INSERT INTO activity_logs (id, user_id, action, entity_id, entity_type, ip_address, created_at) VALUES ('8649998a-93c9-4f20-838a-49fe1bf47c9c', 'ac7400fc-0e97-4848-b386-dc69deab2271', 'HEARTBEAT', NULL, 'user', '::ffff:127.0.0.1', '2026-05-09T13:59:54.788Z');
INSERT INTO activity_logs (id, user_id, action, entity_id, entity_type, ip_address, created_at) VALUES ('636a7855-1875-4ea6-a25b-5ca9a5ea0545', 'ac7400fc-0e97-4848-b386-dc69deab2271', 'HEARTBEAT', NULL, 'user', '::ffff:127.0.0.1', '2026-05-09T14:09:54.810Z');
INSERT INTO activity_logs (id, user_id, action, entity_id, entity_type, ip_address, created_at) VALUES ('ae3cd3c8-5846-4cec-a80e-b4ee6d1e9edb', 'ac7400fc-0e97-4848-b386-dc69deab2271', 'HEARTBEAT', NULL, 'user', '::ffff:127.0.0.1', '2026-05-09T14:20:24.708Z');
INSERT INTO activity_logs (id, user_id, action, entity_id, entity_type, ip_address, created_at) VALUES ('e516bf5f-6bca-4897-a491-e36437c15ad3', 'ac7400fc-0e97-4848-b386-dc69deab2271', 'HEARTBEAT', NULL, 'user', '::ffff:127.0.0.1', '2026-05-09T14:30:29.818Z');
INSERT INTO activity_logs (id, user_id, action, entity_id, entity_type, ip_address, created_at) VALUES ('dfe01618-c17c-4fe2-9a45-dd64e3533d0f', 'ac7400fc-0e97-4848-b386-dc69deab2271', 'HEARTBEAT', NULL, 'user', '::ffff:127.0.0.1', '2026-05-09T14:40:29.903Z');
INSERT INTO activity_logs (id, user_id, action, entity_id, entity_type, ip_address, created_at) VALUES ('e8132b7e-6e52-4833-95ee-30b5fa237e74', 'ac7400fc-0e97-4848-b386-dc69deab2271', 'HEARTBEAT', NULL, 'user', '::ffff:127.0.0.1', '2026-05-09T14:50:29.954Z');
INSERT INTO activity_logs (id, user_id, action, entity_id, entity_type, ip_address, created_at) VALUES ('72a8e629-4a9a-4b45-a33a-ae76f4daf8af', 'ac7400fc-0e97-4848-b386-dc69deab2271', 'HEARTBEAT', NULL, 'user', '::ffff:127.0.0.1', '2026-05-09T15:00:59.823Z');
INSERT INTO activity_logs (id, user_id, action, entity_id, entity_type, ip_address, created_at) VALUES ('56added6-1de9-4d5d-9e7d-50eb787a2e4b', 'ac7400fc-0e97-4848-b386-dc69deab2271', 'HEARTBEAT', NULL, 'user', '::ffff:127.0.0.1', '2026-05-09T15:10:59.917Z');
INSERT INTO activity_logs (id, user_id, action, entity_id, entity_type, ip_address, created_at) VALUES ('e6751f6f-3810-4a63-8244-fb659faeed59', 'ac7400fc-0e97-4848-b386-dc69deab2271', 'HEARTBEAT', NULL, 'user', '::ffff:127.0.0.1', '2026-05-09T15:21:29.819Z');
INSERT INTO activity_logs (id, user_id, action, entity_id, entity_type, ip_address, created_at) VALUES ('bfc27f8c-7575-4a8e-8c66-a2ae731e9cf3', 'ac7400fc-0e97-4848-b386-dc69deab2271', 'HEARTBEAT', NULL, 'user', '::ffff:127.0.0.1', '2026-05-09T15:31:29.899Z');
INSERT INTO activity_logs (id, user_id, action, entity_id, entity_type, ip_address, created_at) VALUES ('2577ba1a-b664-4313-9086-d6bd01b9ec2d', 'ac7400fc-0e97-4848-b386-dc69deab2271', 'HEARTBEAT', NULL, 'user', '::ffff:127.0.0.1', '2026-05-09T15:41:29.912Z');
INSERT INTO activity_logs (id, user_id, action, entity_id, entity_type, ip_address, created_at) VALUES ('b78da5af-286d-49d5-844f-c0912663251d', 'ac7400fc-0e97-4848-b386-dc69deab2271', 'HEARTBEAT', NULL, 'user', '::ffff:127.0.0.1', '2026-05-09T15:51:59.815Z');
INSERT INTO activity_logs (id, user_id, action, entity_id, entity_type, ip_address, created_at) VALUES ('43044230-98e1-4d34-9ce1-f61fbd782f0a', 'ac7400fc-0e97-4848-b386-dc69deab2271', 'HEARTBEAT', NULL, 'user', '::ffff:127.0.0.1', '2026-05-09T16:01:59.822Z');
INSERT INTO activity_logs (id, user_id, action, entity_id, entity_type, ip_address, created_at) VALUES ('78fa6dcd-6348-4d4c-b07e-b5b2f986d833', 'ac7400fc-0e97-4848-b386-dc69deab2271', 'HEARTBEAT', NULL, 'user', '::ffff:127.0.0.1', '2026-05-09T16:11:59.919Z');
INSERT INTO activity_logs (id, user_id, action, entity_id, entity_type, ip_address, created_at) VALUES ('4cc5bbbd-493c-4efa-b307-938087536c4e', 'ac7400fc-0e97-4848-b386-dc69deab2271', 'HEARTBEAT', NULL, 'user', '::ffff:127.0.0.1', '2026-05-09T16:22:29.799Z');
INSERT INTO activity_logs (id, user_id, action, entity_id, entity_type, ip_address, created_at) VALUES ('977b7efa-2cbf-48d2-ac05-6f801653f20d', 'ac7400fc-0e97-4848-b386-dc69deab2271', 'HEARTBEAT', NULL, 'user', '::ffff:127.0.0.1', '2026-05-09T16:32:29.807Z');
INSERT INTO activity_logs (id, user_id, action, entity_id, entity_type, ip_address, created_at) VALUES ('bb133b42-d00b-4946-b477-2fffb0c82b93', 'ac7400fc-0e97-4848-b386-dc69deab2271', 'HEARTBEAT', NULL, 'user', '::ffff:127.0.0.1', '2026-05-09T16:42:34.769Z');
INSERT INTO activity_logs (id, user_id, action, entity_id, entity_type, ip_address, created_at) VALUES ('970a458a-cbd4-4ef0-a8ca-bcefd8758a1c', 'ac7400fc-0e97-4848-b386-dc69deab2271', 'HEARTBEAT', NULL, 'user', '::ffff:127.0.0.1', '2026-05-09T16:52:46.178Z');
INSERT INTO activity_logs (id, user_id, action, entity_id, entity_type, ip_address, created_at) VALUES ('9fb3070b-bce9-4ed9-9130-85bf2ca81a2c', 'ac7400fc-0e97-4848-b386-dc69deab2271', 'HEARTBEAT', NULL, 'user', '::ffff:127.0.0.1', '2026-05-09T17:03:01.272Z');
INSERT INTO activity_logs (id, user_id, action, entity_id, entity_type, ip_address, created_at) VALUES ('986f1bc4-1e5d-47a8-afbb-f2baee25bc81', 'ac7400fc-0e97-4848-b386-dc69deab2271', 'HEARTBEAT', NULL, 'user', '::ffff:127.0.0.1', '2026-05-09T17:13:28.500Z');
INSERT INTO activity_logs (id, user_id, action, entity_id, entity_type, ip_address, created_at) VALUES ('37b2e07b-e12d-4507-ae17-cd738ab64e83', 'ac7400fc-0e97-4848-b386-dc69deab2271', 'HEARTBEAT', NULL, 'user', '::ffff:127.0.0.1', '2026-05-09T17:23:58.488Z');
INSERT INTO activity_logs (id, user_id, action, entity_id, entity_type, ip_address, created_at) VALUES ('d8b113a2-b537-4493-9749-5861b4cf0d9e', 'ac7400fc-0e97-4848-b386-dc69deab2271', 'HEARTBEAT', NULL, 'user', '::ffff:127.0.0.1', '2026-05-09T17:34:20.880Z');
INSERT INTO activity_logs (id, user_id, action, entity_id, entity_type, ip_address, created_at) VALUES ('7d7f1f0e-8da6-43b6-ac6c-25d91741218b', 'ac7400fc-0e97-4848-b386-dc69deab2271', 'HEARTBEAT', NULL, 'user', '::ffff:127.0.0.1', '2026-05-09T17:44:34.118Z');
INSERT INTO activity_logs (id, user_id, action, entity_id, entity_type, ip_address, created_at) VALUES ('7d87a6f4-f7fd-4520-9995-a3d0f315e94e', 'ac7400fc-0e97-4848-b386-dc69deab2271', 'HEARTBEAT', NULL, 'user', '::ffff:127.0.0.1', '2026-05-09T17:55:02.609Z');
INSERT INTO activity_logs (id, user_id, action, entity_id, entity_type, ip_address, created_at) VALUES ('97653247-fa8c-4afe-b087-0cd56551b009', 'ac7400fc-0e97-4848-b386-dc69deab2271', 'HEARTBEAT', NULL, 'user', '::ffff:127.0.0.1', '2026-05-09T18:05:02.699Z');
INSERT INTO activity_logs (id, user_id, action, entity_id, entity_type, ip_address, created_at) VALUES ('7252437c-6498-4e5f-9104-dfcb13392855', 'ac7400fc-0e97-4848-b386-dc69deab2271', 'HEARTBEAT', NULL, 'user', '::ffff:127.0.0.1', '2026-05-09T18:15:02.747Z');
INSERT INTO activity_logs (id, user_id, action, entity_id, entity_type, ip_address, created_at) VALUES ('ea280743-2a8d-4e45-86e2-528844c79124', 'ac7400fc-0e97-4848-b386-dc69deab2271', 'HEARTBEAT', NULL, 'user', '::ffff:127.0.0.1', '2026-05-09T18:25:32.605Z');
INSERT INTO activity_logs (id, user_id, action, entity_id, entity_type, ip_address, created_at) VALUES ('2b079d17-9b8a-40c3-b1e4-2016316ef33c', 'ac7400fc-0e97-4848-b386-dc69deab2271', 'HEARTBEAT', NULL, 'user', '::ffff:127.0.0.1', '2026-05-09T18:35:32.770Z');
INSERT INTO activity_logs (id, user_id, action, entity_id, entity_type, ip_address, created_at) VALUES ('b58e329c-f09b-4f7e-96d6-4f2786a1627a', 'ac7400fc-0e97-4848-b386-dc69deab2271', 'HEARTBEAT', NULL, 'user', '::ffff:127.0.0.1', '2026-05-09T18:46:02.857Z');
INSERT INTO activity_logs (id, user_id, action, entity_id, entity_type, ip_address, created_at) VALUES ('50274f9d-4970-4ec6-8bdd-e54655281382', 'ac7400fc-0e97-4848-b386-dc69deab2271', 'HEARTBEAT', NULL, 'user', '::ffff:127.0.0.1', '2026-05-09T18:56:32.597Z');
INSERT INTO activity_logs (id, user_id, action, entity_id, entity_type, ip_address, created_at) VALUES ('1ffb1c64-1080-48f8-b682-b5df3f967314', 'ac7400fc-0e97-4848-b386-dc69deab2271', 'HEARTBEAT', NULL, 'user', '::ffff:127.0.0.1', '2026-05-09T18:56:32.628Z');
INSERT INTO activity_logs (id, user_id, action, entity_id, entity_type, ip_address, created_at) VALUES ('9f316d0e-fa7d-4457-afb5-1f11daa056ad', 'ac7400fc-0e97-4848-b386-dc69deab2271', 'HEARTBEAT', NULL, 'user', '::ffff:127.0.0.1', '2026-05-10T11:07:07.366Z');
INSERT INTO activity_logs (id, user_id, action, entity_id, entity_type, ip_address, created_at) VALUES ('527f4cd5-f219-4dca-8c8e-16c65df9df39', 'de2911e3-feff-4d00-8425-8a1dcbdca10b', 'LOGIN', NULL, 'user', NULL, '2026-05-10T11:10:57.061Z');
INSERT INTO activity_logs (id, user_id, action, entity_id, entity_type, ip_address, created_at) VALUES ('d2055bde-4281-444c-a718-c3fd9b1789dc', 'de2911e3-feff-4d00-8425-8a1dcbdca10b', 'HEARTBEAT', NULL, 'user', '::ffff:127.0.0.1', '2026-05-10T11:10:57.452Z');
INSERT INTO activity_logs (id, user_id, action, entity_id, entity_type, ip_address, created_at) VALUES ('a89d5c0d-d5f3-44e6-80f2-7f85a585b9b7', 'cb92c62b-b095-4cef-b889-7fb2f3cee9ad', 'HEARTBEAT', NULL, 'user', '::1', '2026-05-10T11:15:02.612Z');
INSERT INTO activity_logs (id, user_id, action, entity_id, entity_type, ip_address, created_at) VALUES ('26ec438b-d84f-4961-adb2-bd55495b5fb2', 'de2911e3-feff-4d00-8425-8a1dcbdca10b', 'HEARTBEAT', NULL, 'user', '::ffff:127.0.0.1', '2026-05-10T11:21:27.253Z');
INSERT INTO activity_logs (id, user_id, action, entity_id, entity_type, ip_address, created_at) VALUES ('529ca142-03f5-4a18-bf78-e034da340066', 'de2911e3-feff-4d00-8425-8a1dcbdca10b', 'HEARTBEAT', NULL, 'user', '::ffff:127.0.0.1', '2026-05-10T11:31:33.534Z');
INSERT INTO activity_logs (id, user_id, action, entity_id, entity_type, ip_address, created_at) VALUES ('3b23f3c0-3538-4728-8f28-83acf509fdc0', 'ac7400fc-0e97-4848-b386-dc69deab2271', 'LOGIN', NULL, 'user', NULL, '2026-05-10T11:34:06.818Z');
INSERT INTO activity_logs (id, user_id, action, entity_id, entity_type, ip_address, created_at) VALUES ('e2224b59-77aa-4266-90e4-8f7dafbc750e', 'ac7400fc-0e97-4848-b386-dc69deab2271', 'HEARTBEAT', NULL, 'user', '::ffff:127.0.0.1', '2026-05-10T11:34:07.049Z');
INSERT INTO activity_logs (id, user_id, action, entity_id, entity_type, ip_address, created_at) VALUES ('3d19a576-acbe-4a3c-af2b-8382ca984c3a', 'de2911e3-feff-4d00-8425-8a1dcbdca10b', 'LOGIN', NULL, 'user', NULL, '2026-05-10T11:35:34.600Z');
INSERT INTO activity_logs (id, user_id, action, entity_id, entity_type, ip_address, created_at) VALUES ('f11346bb-5c17-416b-b87f-157ddf7325df', 'de2911e3-feff-4d00-8425-8a1dcbdca10b', 'HEARTBEAT', NULL, 'user', '::ffff:127.0.0.1', '2026-05-10T11:41:34.739Z');
INSERT INTO activity_logs (id, user_id, action, entity_id, entity_type, ip_address, created_at) VALUES ('7310ad04-46c4-4ce1-b885-58ce650026e5', 'de2911e3-feff-4d00-8425-8a1dcbdca10b', 'HEARTBEAT', NULL, 'user', '::ffff:127.0.0.1', '2026-05-10T11:51:34.751Z');
INSERT INTO activity_logs (id, user_id, action, entity_id, entity_type, ip_address, created_at) VALUES ('558b213f-7c88-4ce1-a50c-dfe66399325c', 'de2911e3-feff-4d00-8425-8a1dcbdca10b', 'HEARTBEAT', NULL, 'user', '::ffff:127.0.0.1', '2026-05-10T12:02:04.735Z');
INSERT INTO activity_logs (id, user_id, action, entity_id, entity_type, ip_address, created_at) VALUES ('03b1e670-cd9f-4f22-925a-cb36d85f6b4e', 'de2911e3-feff-4d00-8425-8a1dcbdca10b', 'HEARTBEAT', NULL, 'user', '::ffff:127.0.0.1', '2026-05-10T12:12:34.778Z');
INSERT INTO activity_logs (id, user_id, action, entity_id, entity_type, ip_address, created_at) VALUES ('b59078c5-d1d0-43e8-9546-b3162956c218', 'de2911e3-feff-4d00-8425-8a1dcbdca10b', 'HEARTBEAT', NULL, 'user', '::ffff:127.0.0.1', '2026-05-10T12:23:04.726Z');
INSERT INTO activity_logs (id, user_id, action, entity_id, entity_type, ip_address, created_at) VALUES ('c22fe8cb-10f9-4f64-b164-2671127b0dc7', 'de2911e3-feff-4d00-8425-8a1dcbdca10b', 'HEARTBEAT', NULL, 'user', '::ffff:127.0.0.1', '2026-05-10T12:33:04.741Z');
INSERT INTO activity_logs (id, user_id, action, entity_id, entity_type, ip_address, created_at) VALUES ('8ba89d55-a84f-47dd-b386-f7504d249fa8', 'de2911e3-feff-4d00-8425-8a1dcbdca10b', 'HEARTBEAT', NULL, 'user', '::ffff:127.0.0.1', '2026-05-10T12:43:04.743Z');
INSERT INTO activity_logs (id, user_id, action, entity_id, entity_type, ip_address, created_at) VALUES ('37440805-809d-4848-b9a6-675a07fceca1', 'de2911e3-feff-4d00-8425-8a1dcbdca10b', 'HEARTBEAT', NULL, 'user', '::ffff:127.0.0.1', '2026-05-10T12:53:04.746Z');
INSERT INTO activity_logs (id, user_id, action, entity_id, entity_type, ip_address, created_at) VALUES ('969f1511-94a4-47a4-98c8-ec88bf59dcf3', 'de2911e3-feff-4d00-8425-8a1dcbdca10b', 'HEARTBEAT', NULL, 'user', '::ffff:127.0.0.1', '2026-05-10T13:03:34.737Z');
INSERT INTO activity_logs (id, user_id, action, entity_id, entity_type, ip_address, created_at) VALUES ('e6f5a92b-9101-45d7-8cd7-c1983a21f520', 'de2911e3-feff-4d00-8425-8a1dcbdca10b', 'HEARTBEAT', NULL, 'user', '::ffff:127.0.0.1', '2026-05-10T13:14:04.730Z');
INSERT INTO activity_logs (id, user_id, action, entity_id, entity_type, ip_address, created_at) VALUES ('b7f885f4-61cf-4d72-83c3-293c79cb3c91', 'de2911e3-feff-4d00-8425-8a1dcbdca10b', 'HEARTBEAT', NULL, 'user', '::ffff:127.0.0.1', '2026-05-10T13:24:04.747Z');
INSERT INTO activity_logs (id, user_id, action, entity_id, entity_type, ip_address, created_at) VALUES ('70f00cef-e5e5-4c4e-b5bb-c3178d3c6cf3', 'de2911e3-feff-4d00-8425-8a1dcbdca10b', 'HEARTBEAT', NULL, 'user', '::ffff:127.0.0.1', '2026-05-10T13:34:04.750Z');
INSERT INTO activity_logs (id, user_id, action, entity_id, entity_type, ip_address, created_at) VALUES ('0e3394e8-9945-4d10-b4e5-b47cfba2aef1', 'de2911e3-feff-4d00-8425-8a1dcbdca10b', 'HEARTBEAT', NULL, 'user', '::ffff:127.0.0.1', '2026-05-10T13:44:34.733Z');
INSERT INTO activity_logs (id, user_id, action, entity_id, entity_type, ip_address, created_at) VALUES ('6e45f5fb-b30f-48c9-b8be-b627b1a6dba9', 'de2911e3-feff-4d00-8425-8a1dcbdca10b', 'HEARTBEAT', NULL, 'user', '::ffff:127.0.0.1', '2026-05-10T13:54:34.748Z');
INSERT INTO activity_logs (id, user_id, action, entity_id, entity_type, ip_address, created_at) VALUES ('067a238f-2f4f-4737-81e9-d2b83b7df935', 'de2911e3-feff-4d00-8425-8a1dcbdca10b', 'HEARTBEAT', NULL, 'user', '::ffff:127.0.0.1', '2026-05-10T14:05:04.724Z');
INSERT INTO activity_logs (id, user_id, action, entity_id, entity_type, ip_address, created_at) VALUES ('7f9b8a23-7ec5-4869-a6a1-f9e9f40a3e6f', 'de2911e3-feff-4d00-8425-8a1dcbdca10b', 'HEARTBEAT', NULL, 'user', '::ffff:127.0.0.1', '2026-05-10T14:15:04.732Z');
INSERT INTO activity_logs (id, user_id, action, entity_id, entity_type, ip_address, created_at) VALUES ('35793ab2-a4c9-419c-92e2-5db807cffb35', 'de2911e3-feff-4d00-8425-8a1dcbdca10b', 'HEARTBEAT', NULL, 'user', '::ffff:127.0.0.1', '2026-05-10T14:25:18.658Z');
INSERT INTO activity_logs (id, user_id, action, entity_id, entity_type, ip_address, created_at) VALUES ('fe2b95e7-c209-4ec7-a4ba-6fb8e90bac9e', 'de2911e3-feff-4d00-8425-8a1dcbdca10b', 'HEARTBEAT', NULL, 'user', '::ffff:127.0.0.1', '2026-05-10T14:35:47.469Z');
INSERT INTO activity_logs (id, user_id, action, entity_id, entity_type, ip_address, created_at) VALUES ('b437ea73-6637-4f78-897c-290e47909b0b', 'de2911e3-feff-4d00-8425-8a1dcbdca10b', 'HEARTBEAT', NULL, 'user', '::ffff:127.0.0.1', '2026-05-10T14:45:47.473Z');
INSERT INTO activity_logs (id, user_id, action, entity_id, entity_type, ip_address, created_at) VALUES ('ecbddccb-a617-4f2f-8e3d-51084caea16c', 'de2911e3-feff-4d00-8425-8a1dcbdca10b', 'HEARTBEAT', NULL, 'user', '::ffff:127.0.0.1', '2026-05-10T14:55:47.481Z');
INSERT INTO activity_logs (id, user_id, action, entity_id, entity_type, ip_address, created_at) VALUES ('e6dca6a4-0669-44d2-8cb0-6aa3caf2a11f', 'de2911e3-feff-4d00-8425-8a1dcbdca10b', 'HEARTBEAT', NULL, 'user', '::ffff:127.0.0.1', '2026-05-10T15:05:47.490Z');
INSERT INTO activity_logs (id, user_id, action, entity_id, entity_type, ip_address, created_at) VALUES ('acbc1401-f93f-41a1-ba36-7d20c4db6a52', 'de2911e3-feff-4d00-8425-8a1dcbdca10b', 'HEARTBEAT', NULL, 'user', '::ffff:127.0.0.1', '2026-05-10T15:15:47.497Z');
INSERT INTO activity_logs (id, user_id, action, entity_id, entity_type, ip_address, created_at) VALUES ('8361cfcf-b716-4e8d-b88f-9782c82b1aa0', 'de2911e3-feff-4d00-8425-8a1dcbdca10b', 'HEARTBEAT', NULL, 'user', '::ffff:127.0.0.1', '2026-05-10T15:26:17.476Z');
INSERT INTO activity_logs (id, user_id, action, entity_id, entity_type, ip_address, created_at) VALUES ('3cfea213-2fab-4d82-b0cd-78120dd1a055', 'de2911e3-feff-4d00-8425-8a1dcbdca10b', 'HEARTBEAT', NULL, 'user', '::ffff:127.0.0.1', '2026-05-10T15:36:17.482Z');
INSERT INTO activity_logs (id, user_id, action, entity_id, entity_type, ip_address, created_at) VALUES ('3ec63a3f-2222-4723-82a9-27eacb9bbe90', 'de2911e3-feff-4d00-8425-8a1dcbdca10b', 'HEARTBEAT', NULL, 'user', '::ffff:127.0.0.1', '2026-05-10T15:46:17.487Z');
INSERT INTO activity_logs (id, user_id, action, entity_id, entity_type, ip_address, created_at) VALUES ('79041d35-e4b5-4f57-9dd2-5b88ccf1db80', 'de2911e3-feff-4d00-8425-8a1dcbdca10b', 'HEARTBEAT', NULL, 'user', '::ffff:127.0.0.1', '2026-05-10T15:56:47.471Z');
INSERT INTO activity_logs (id, user_id, action, entity_id, entity_type, ip_address, created_at) VALUES ('2100db40-9785-4d08-abbf-faff7968cc76', 'de2911e3-feff-4d00-8425-8a1dcbdca10b', 'HEARTBEAT', NULL, 'user', '::ffff:127.0.0.1', '2026-05-10T16:06:47.482Z');
INSERT INTO activity_logs (id, user_id, action, entity_id, entity_type, ip_address, created_at) VALUES ('c87a5538-37ab-4714-94ce-b579f0a53641', 'de2911e3-feff-4d00-8425-8a1dcbdca10b', 'HEARTBEAT', NULL, 'user', '::ffff:127.0.0.1', '2026-05-10T16:16:47.487Z');
INSERT INTO activity_logs (id, user_id, action, entity_id, entity_type, ip_address, created_at) VALUES ('e65ca0e1-6feb-4956-b6b3-2fcb242edd8f', 'de2911e3-feff-4d00-8425-8a1dcbdca10b', 'LOGIN', NULL, 'user', NULL, '2026-05-13T04:05:34.416Z');
INSERT INTO activity_logs (id, user_id, action, entity_id, entity_type, ip_address, created_at) VALUES ('897d62bb-35ee-4346-bd5a-90f9a17b0ef5', 'de2911e3-feff-4d00-8425-8a1dcbdca10b', 'HEARTBEAT', NULL, 'user', '::ffff:127.0.0.1', '2026-05-13T04:05:36.671Z');
INSERT INTO activity_logs (id, user_id, action, entity_id, entity_type, ip_address, created_at) VALUES ('bdba0a3d-1cfa-4b25-b43d-660c83b60de5', 'de2911e3-feff-4d00-8425-8a1dcbdca10b', 'HEARTBEAT', NULL, 'user', '::ffff:127.0.0.1', '2026-05-13T04:16:05.205Z');
INSERT INTO activity_logs (id, user_id, action, entity_id, entity_type, ip_address, created_at) VALUES ('09ba90cd-793f-475b-97b6-472f4b4bbe73', 'de2911e3-feff-4d00-8425-8a1dcbdca10b', 'HEARTBEAT', NULL, 'user', '::ffff:127.0.0.1', '2026-05-13T04:16:05.240Z');
INSERT INTO activity_logs (id, user_id, action, entity_id, entity_type, ip_address, created_at) VALUES ('1b5fc651-8986-436b-8d1a-c557fa78077e', 'de2911e3-feff-4d00-8425-8a1dcbdca10b', 'HEARTBEAT', NULL, 'user', '::ffff:127.0.0.1', '2026-05-13T04:26:05.273Z');
INSERT INTO activity_logs (id, user_id, action, entity_id, entity_type, ip_address, created_at) VALUES ('b0b6fc14-d37f-4aab-8317-bd30e8787439', 'de2911e3-feff-4d00-8425-8a1dcbdca10b', 'HEARTBEAT', NULL, 'user', '::ffff:127.0.0.1', '2026-05-13T04:36:24.693Z');
INSERT INTO activity_logs (id, user_id, action, entity_id, entity_type, ip_address, created_at) VALUES ('b70d77b2-e785-4e47-a525-1cb02a064b02', 'de2911e3-feff-4d00-8425-8a1dcbdca10b', 'HEARTBEAT', NULL, 'user', '::ffff:127.0.0.1', '2026-05-13T04:46:35.194Z');
INSERT INTO activity_logs (id, user_id, action, entity_id, entity_type, ip_address, created_at) VALUES ('2deccce7-4382-43f3-8254-05f734c74b11', 'de2911e3-feff-4d00-8425-8a1dcbdca10b', 'HEARTBEAT', NULL, 'user', '::ffff:127.0.0.1', '2026-05-13T04:46:35.219Z');
INSERT INTO activity_logs (id, user_id, action, entity_id, entity_type, ip_address, created_at) VALUES ('b614b9cd-5a7a-4af6-8e23-f29ae33d8465', 'de2911e3-feff-4d00-8425-8a1dcbdca10b', 'HEARTBEAT', NULL, 'user', '::ffff:127.0.0.1', '2026-05-13T04:56:35.284Z');
INSERT INTO activity_logs (id, user_id, action, entity_id, entity_type, ip_address, created_at) VALUES ('c31e32f7-5b12-4d27-8d42-79495b870d85', 'de2911e3-feff-4d00-8425-8a1dcbdca10b', 'HEARTBEAT', NULL, 'user', '::ffff:127.0.0.1', '2026-05-13T05:06:35.286Z');
INSERT INTO activity_logs (id, user_id, action, entity_id, entity_type, ip_address, created_at) VALUES ('3ea5b760-2a2c-436f-9d2e-e3d642b470b8', 'ac7400fc-0e97-4848-b386-dc69deab2271', 'LOGIN', NULL, 'user', NULL, '2026-05-13T05:22:01.832Z');
INSERT INTO activity_logs (id, user_id, action, entity_id, entity_type, ip_address, created_at) VALUES ('f2521855-3e2e-492b-9f72-57ec86ed22e7', 'ac7400fc-0e97-4848-b386-dc69deab2271', 'HEARTBEAT', NULL, 'user', '::ffff:127.0.0.1', '2026-05-13T05:22:02.869Z');
INSERT INTO activity_logs (id, user_id, action, entity_id, entity_type, ip_address, created_at) VALUES ('d2bd9b34-61d1-4fee-9bf9-746cef4e3464', 'ac7400fc-0e97-4848-b386-dc69deab2271', 'HEARTBEAT', NULL, 'user', '::ffff:127.0.0.1', '2026-05-13T05:22:03.133Z');
INSERT INTO activity_logs (id, user_id, action, entity_id, entity_type, ip_address, created_at) VALUES ('1cbe07d9-a3e3-4126-ac53-d06450070b10', 'ac7400fc-0e97-4848-b386-dc69deab2271', 'HEARTBEAT', NULL, 'user', '::ffff:127.0.0.1', '2026-05-13T05:22:03.133Z');
INSERT INTO activity_logs (id, user_id, action, entity_id, entity_type, ip_address, created_at) VALUES ('1114a237-e384-4ead-a249-7024d1e049e1', 'ac7400fc-0e97-4848-b386-dc69deab2271', 'LOGIN', NULL, 'user', NULL, '2026-05-13T05:50:37.587Z');
INSERT INTO activity_logs (id, user_id, action, entity_id, entity_type, ip_address, created_at) VALUES ('d3109fc8-002c-4c1c-81c1-1ac8826d2b49', 'ac7400fc-0e97-4848-b386-dc69deab2271', 'HEARTBEAT', NULL, 'user', '::ffff:127.0.0.1', '2026-05-13T05:50:39.444Z');
INSERT INTO activity_logs (id, user_id, action, entity_id, entity_type, ip_address, created_at) VALUES ('c3a93bed-9966-45fc-8d14-1dd74b08ae05', 'ac7400fc-0e97-4848-b386-dc69deab2271', 'UPLOAD_MATERIAL', 'cd5ca16b-5158-4929-8355-a361bcd60b6f', 'material', NULL, '2026-05-13T05:56:10.550Z');
INSERT INTO activity_logs (id, user_id, action, entity_id, entity_type, ip_address, created_at) VALUES ('d7d709cc-4357-4606-a800-5cc0a693463b', 'ac7400fc-0e97-4848-b386-dc69deab2271', 'HEARTBEAT', NULL, 'user', '::ffff:127.0.0.1', '2026-05-13T06:01:07.088Z');
INSERT INTO activity_logs (id, user_id, action, entity_id, entity_type, ip_address, created_at) VALUES ('e9bbe424-6eaf-4654-93e8-f5657e1f5f75', 'ac7400fc-0e97-4848-b386-dc69deab2271', 'HEARTBEAT', NULL, 'user', '::ffff:127.0.0.1', '2026-05-13T06:01:07.128Z');
INSERT INTO activity_logs (id, user_id, action, entity_id, entity_type, ip_address, created_at) VALUES ('ae676c45-8cf1-4286-a957-c290e3f18795', 'ac7400fc-0e97-4848-b386-dc69deab2271', 'HEARTBEAT', NULL, 'user', '::ffff:127.0.0.1', '2026-05-13T06:11:37.074Z');
INSERT INTO activity_logs (id, user_id, action, entity_id, entity_type, ip_address, created_at) VALUES ('5fdf5dce-640a-4cb7-8917-dc208c3b1f31', 'ac7400fc-0e97-4848-b386-dc69deab2271', 'HEARTBEAT', NULL, 'user', '::ffff:127.0.0.1', '2026-05-13T06:11:37.093Z');
INSERT INTO activity_logs (id, user_id, action, entity_id, entity_type, ip_address, created_at) VALUES ('94a1022c-8e7b-4e73-9e6d-2dd6f5c94ab8', 'ac7400fc-0e97-4848-b386-dc69deab2271', 'HEARTBEAT', NULL, 'user', '::ffff:127.0.0.1', '2026-05-13T06:21:37.113Z');
INSERT INTO activity_logs (id, user_id, action, entity_id, entity_type, ip_address, created_at) VALUES ('3bcdbab4-e15b-44a2-9c56-5606253de52e', 'ac7400fc-0e97-4848-b386-dc69deab2271', 'HEARTBEAT', NULL, 'user', '::ffff:127.0.0.1', '2026-05-13T06:32:07.089Z');
INSERT INTO activity_logs (id, user_id, action, entity_id, entity_type, ip_address, created_at) VALUES ('8659cc7b-07be-49d2-a6fe-e1932ec877f5', 'ac7400fc-0e97-4848-b386-dc69deab2271', 'HEARTBEAT', NULL, 'user', '::ffff:127.0.0.1', '2026-05-13T06:32:07.147Z');
INSERT INTO activity_logs (id, user_id, action, entity_id, entity_type, ip_address, created_at) VALUES ('6b8ce8eb-4a77-4f70-8a9a-5e601e018e6c', 'ac7400fc-0e97-4848-b386-dc69deab2271', 'HEARTBEAT', NULL, 'user', '::ffff:127.0.0.1', '2026-05-13T06:42:37.085Z');
INSERT INTO activity_logs (id, user_id, action, entity_id, entity_type, ip_address, created_at) VALUES ('947ec14f-c3fb-44ef-9ec4-8fa818c0d5d2', 'ac7400fc-0e97-4848-b386-dc69deab2271', 'HEARTBEAT', NULL, 'user', '::ffff:127.0.0.1', '2026-05-13T06:42:37.101Z');
INSERT INTO activity_logs (id, user_id, action, entity_id, entity_type, ip_address, created_at) VALUES ('ea9696fc-4ffa-40ce-9e33-e8efb2f86e5c', 'ac7400fc-0e97-4848-b386-dc69deab2271', 'HEARTBEAT', NULL, 'user', '::ffff:127.0.0.1', '2026-05-13T06:52:37.290Z');
INSERT INTO activity_logs (id, user_id, action, entity_id, entity_type, ip_address, created_at) VALUES ('4bcf1b72-0119-49ae-a9a2-976b8ac4f3e0', 'ac7400fc-0e97-4848-b386-dc69deab2271', 'LOGIN', NULL, 'user', NULL, '2026-05-14T05:08:05.919Z');
INSERT INTO activity_logs (id, user_id, action, entity_id, entity_type, ip_address, created_at) VALUES ('1c40a843-0b93-4369-918b-248c55901662', 'ac7400fc-0e97-4848-b386-dc69deab2271', 'HEARTBEAT', NULL, 'user', '::1', '2026-05-14T05:08:07.268Z');
INSERT INTO activity_logs (id, user_id, action, entity_id, entity_type, ip_address, created_at) VALUES ('0e971605-9929-4563-92fa-acad1df8f8b7', 'ac7400fc-0e97-4848-b386-dc69deab2271', 'HEARTBEAT', NULL, 'user', '::1', '2026-05-14T05:18:17.789Z');
INSERT INTO activity_logs (id, user_id, action, entity_id, entity_type, ip_address, created_at) VALUES ('ee70fe16-2e95-410c-93df-61e364cbae92', 'ac7400fc-0e97-4848-b386-dc69deab2271', 'HEARTBEAT', NULL, 'user', '::1', '2026-05-14T05:28:36.624Z');
INSERT INTO activity_logs (id, user_id, action, entity_id, entity_type, ip_address, created_at) VALUES ('f7acd8f2-e897-4589-8423-4c9827789bb7', 'ac7400fc-0e97-4848-b386-dc69deab2271', 'HEARTBEAT', NULL, 'user', '::1', '2026-05-14T05:28:36.633Z');
INSERT INTO activity_logs (id, user_id, action, entity_id, entity_type, ip_address, created_at) VALUES ('cbb4b222-5174-41bd-98c3-d224a4269bfd', 'ac7400fc-0e97-4848-b386-dc69deab2271', 'HEARTBEAT', NULL, 'user', '::1', '2026-05-14T05:39:06.624Z');
INSERT INTO activity_logs (id, user_id, action, entity_id, entity_type, ip_address, created_at) VALUES ('90bc8764-ef0c-49a2-88c6-290369a2fb5c', 'ac7400fc-0e97-4848-b386-dc69deab2271', 'HEARTBEAT', NULL, 'user', '::1', '2026-05-14T05:39:06.633Z');
INSERT INTO activity_logs (id, user_id, action, entity_id, entity_type, ip_address, created_at) VALUES ('c49ad49c-a029-4a8a-9fad-984ad1e4cbcc', 'ac7400fc-0e97-4848-b386-dc69deab2271', 'LOGIN', NULL, 'user', NULL, '2026-05-14T05:40:44.554Z');
INSERT INTO activity_logs (id, user_id, action, entity_id, entity_type, ip_address, created_at) VALUES ('05ae1ef2-ffa9-47dc-b142-9acb15802ce7', 'ac7400fc-0e97-4848-b386-dc69deab2271', 'HEARTBEAT', NULL, 'user', '::1', '2026-05-14T05:49:14.701Z');
INSERT INTO activity_logs (id, user_id, action, entity_id, entity_type, ip_address, created_at) VALUES ('38ea39b8-d343-4fb6-b681-4d7f2e1222c3', 'ac7400fc-0e97-4848-b386-dc69deab2271', 'HEARTBEAT', NULL, 'user', '::1', '2026-05-14T05:49:14.725Z');
INSERT INTO activity_logs (id, user_id, action, entity_id, entity_type, ip_address, created_at) VALUES ('c6b08ffd-dda7-425e-8e7b-3689a9da1ab3', 'ac7400fc-0e97-4848-b386-dc69deab2271', 'HEARTBEAT', NULL, 'user', '::1', '2026-05-14T05:59:44.696Z');
INSERT INTO activity_logs (id, user_id, action, entity_id, entity_type, ip_address, created_at) VALUES ('81e3b6c7-a17f-4f0e-8246-5d348226c4f0', 'ac7400fc-0e97-4848-b386-dc69deab2271', 'HEARTBEAT', NULL, 'user', '::1', '2026-05-14T05:59:44.706Z');
INSERT INTO activity_logs (id, user_id, action, entity_id, entity_type, ip_address, created_at) VALUES ('c0b2e073-6167-4567-af7b-6eafb3b7f84a', 'ac7400fc-0e97-4848-b386-dc69deab2271', 'LOGIN', NULL, 'user', NULL, '2026-05-14T06:03:29.741Z');
INSERT INTO activity_logs (id, user_id, action, entity_id, entity_type, ip_address, created_at) VALUES ('3bde4691-c600-465d-b96f-0be75475cbdf', 'ac7400fc-0e97-4848-b386-dc69deab2271', 'HEARTBEAT', NULL, 'user', '::1', '2026-05-14T06:10:00.044Z');
INSERT INTO activity_logs (id, user_id, action, entity_id, entity_type, ip_address, created_at) VALUES ('aac8d74b-55a7-40aa-9340-3fa30a3b6424', 'ac7400fc-0e97-4848-b386-dc69deab2271', 'HEARTBEAT', NULL, 'user', '::1', '2026-05-14T06:10:00.055Z');
INSERT INTO activity_logs (id, user_id, action, entity_id, entity_type, ip_address, created_at) VALUES ('dff3263d-9043-4c00-8ccc-9a8ca1c012cc', 'ac7400fc-0e97-4848-b386-dc69deab2271', 'HEARTBEAT', NULL, 'user', '::1', '2026-05-14T06:20:00.058Z');
INSERT INTO activity_logs (id, user_id, action, entity_id, entity_type, ip_address, created_at) VALUES ('4bfc013c-4f47-4115-a149-a8587af87323', 'ac7400fc-0e97-4848-b386-dc69deab2271', 'HEARTBEAT', NULL, 'user', '::1', '2026-05-14T06:30:30.047Z');
INSERT INTO activity_logs (id, user_id, action, entity_id, entity_type, ip_address, created_at) VALUES ('38ae669a-2911-4b72-a2e0-ebc46b0e7e00', 'ac7400fc-0e97-4848-b386-dc69deab2271', 'HEARTBEAT', NULL, 'user', '::1', '2026-05-14T06:30:30.057Z');
INSERT INTO activity_logs (id, user_id, action, entity_id, entity_type, ip_address, created_at) VALUES ('2f3f7242-5444-4095-80ea-a873e7f06763', 'ac7400fc-0e97-4848-b386-dc69deab2271', 'HEARTBEAT', NULL, 'user', '::1', '2026-05-14T06:40:30.171Z');
INSERT INTO activity_logs (id, user_id, action, entity_id, entity_type, ip_address, created_at) VALUES ('2c7fdf08-9d0b-41cb-b97f-fd23305b8ad2', '9c770d5e-8825-41ac-817a-998e8f193e9a', 'LOGIN', NULL, 'user', NULL, '2026-05-14T06:41:50.650Z');
INSERT INTO activity_logs (id, user_id, action, entity_id, entity_type, ip_address, created_at) VALUES ('9389504f-aa2e-4978-8967-16519b52c928', '9c770d5e-8825-41ac-817a-998e8f193e9a', 'HEARTBEAT', NULL, 'user', '::1', '2026-05-14T06:41:51.423Z');
INSERT INTO activity_logs (id, user_id, action, entity_id, entity_type, ip_address, created_at) VALUES ('7fce5966-3259-42df-ab73-3c3cc8594235', '9c770d5e-8825-41ac-817a-998e8f193e9a', 'HEARTBEAT', NULL, 'user', '::1', '2026-05-14T06:41:51.488Z');
INSERT INTO activity_logs (id, user_id, action, entity_id, entity_type, ip_address, created_at) VALUES ('c5244996-dee0-4480-ae2e-1f8507e68624', '9c770d5e-8825-41ac-817a-998e8f193e9a', 'HEARTBEAT', NULL, 'user', '::1', '2026-05-14T06:41:51.502Z');
INSERT INTO activity_logs (id, user_id, action, entity_id, entity_type, ip_address, created_at) VALUES ('e7de19f2-3343-4d18-aa93-a53d9ae411d8', 'cb92c62b-b095-4cef-b889-7fb2f3cee9ad', 'LOGIN', NULL, 'user', NULL, '2026-05-15T04:01:47.187Z');
INSERT INTO activity_logs (id, user_id, action, entity_id, entity_type, ip_address, created_at) VALUES ('558ee304-5683-4a07-98dc-97a660b504c7', 'cb92c62b-b095-4cef-b889-7fb2f3cee9ad', 'HEARTBEAT', NULL, 'user', '::1', '2026-05-15T04:01:47.644Z');
INSERT INTO activity_logs (id, user_id, action, entity_id, entity_type, ip_address, created_at) VALUES ('165d3d87-d442-4647-ac2f-45ad40b245c6', 'cb92c62b-b095-4cef-b889-7fb2f3cee9ad', 'HEARTBEAT', NULL, 'user', '::1', '2026-05-15T04:14:04.809Z');
INSERT INTO activity_logs (id, user_id, action, entity_id, entity_type, ip_address, created_at) VALUES ('45686295-39a8-477e-ae53-0afcf7964d06', 'cb92c62b-b095-4cef-b889-7fb2f3cee9ad', 'HEARTBEAT', NULL, 'user', '::1', '2026-05-15T04:24:23.522Z');
INSERT INTO activity_logs (id, user_id, action, entity_id, entity_type, ip_address, created_at) VALUES ('587274ce-c4be-494e-a8c3-93c2ff518202', 'cb92c62b-b095-4cef-b889-7fb2f3cee9ad', 'HEARTBEAT', NULL, 'user', '::1', '2026-05-15T04:40:01.682Z');
INSERT INTO activity_logs (id, user_id, action, entity_id, entity_type, ip_address, created_at) VALUES ('76393fe7-91c3-4e72-a18e-fc3156bf0189', 'cb92c62b-b095-4cef-b889-7fb2f3cee9ad', 'HEARTBEAT', NULL, 'user', '::1', '2026-05-15T04:40:01.737Z');
INSERT INTO activity_logs (id, user_id, action, entity_id, entity_type, ip_address, created_at) VALUES ('2a747848-c0ff-4d5a-b7c6-f5f26735e1fc', 'cb92c62b-b095-4cef-b889-7fb2f3cee9ad', 'HEARTBEAT', NULL, 'user', '::1', '2026-05-15T04:40:01.753Z');
INSERT INTO activity_logs (id, user_id, action, entity_id, entity_type, ip_address, created_at) VALUES ('bae97b42-7583-4969-aace-f665bec58469', 'cb92c62b-b095-4cef-b889-7fb2f3cee9ad', 'HEARTBEAT', NULL, 'user', '::1', '2026-05-15T04:40:01.945Z');
INSERT INTO activity_logs (id, user_id, action, entity_id, entity_type, ip_address, created_at) VALUES ('a8fa0b64-da80-4587-8645-75ae8cf39aa4', 'cb92c62b-b095-4cef-b889-7fb2f3cee9ad', 'HEARTBEAT', NULL, 'user', '::1', '2026-05-15T04:40:01.758Z');
INSERT INTO activity_logs (id, user_id, action, entity_id, entity_type, ip_address, created_at) VALUES ('93fa4ab9-7320-4393-80ed-ca0956a730df', 'cb92c62b-b095-4cef-b889-7fb2f3cee9ad', 'HEARTBEAT', NULL, 'user', '::1', '2026-05-15T04:40:01.761Z');
INSERT INTO activity_logs (id, user_id, action, entity_id, entity_type, ip_address, created_at) VALUES ('7c9e7a29-d71d-44d9-91b7-762915647e36', 'cb92c62b-b095-4cef-b889-7fb2f3cee9ad', 'HEARTBEAT', NULL, 'user', '::1', '2026-05-15T04:40:01.954Z');

-- Data for table: schedules
INSERT INTO schedules (id, type, file_path, academic_years, faculties, departments, uploaded_by, created_at, title, sections, semester, content, updated_at) VALUES ('8efa112d-46a1-4800-b771-373ec34e5e4b', 'class', 'DIGITAL_ENTRY', '["3"]', '["Faculty of Computing"]', '["Computer Science"]', 'cb92c62b-b095-4cef-b889-7fb2f3cee9ad', '2026-04-26T13:18:03.364Z', 'Computer Science - Year 3 - Sem 1 - Section A', '["A"]', 1, '{"0-0":"Internet programming | Lec","0-2":"Numerical Analysis | Lec","0-3":"Microprocessor and Assembly language Programming | Lec","1-1":"Analysis of Algorithms | Lec","1-4":"Numerical Analysis | Lec","2-0":"Wireless Communication and Mobile Computing | Lec","2-2":"Internet programming | Lec","3-2":"Wireless Communication and Mobile Computing | Lab","3-4":"Microprocessor and Assembly language Programming | Lec"}', '2026-05-06T10:34:13.499Z');

-- Data for table: system_settings
INSERT INTO system_settings (key, value, updated_at) VALUES ('current_academic_year', '2025/26', '2026-05-07T15:37:34.152Z');
INSERT INTO system_settings (key, value, updated_at) VALUES ('current_semester', '2', '2026-05-07T15:37:34.152Z');
INSERT INTO system_settings (key, value, updated_at) VALUES ('maintenance_mode', 'false', '2026-05-07T15:37:34.152Z');
INSERT INTO system_settings (key, value, updated_at) VALUES ('allow_registration', 'true', '2026-05-07T15:37:34.152Z');
INSERT INTO system_settings (key, value, updated_at) VALUES ('delete_user_password', 'Admin@123', '2026-05-07T15:54:01.028Z');
INSERT INTO system_settings (key, value, updated_at) VALUES ('backup_lock_password', 'Backup@789', '2026-05-07T15:54:01.028Z');

